#	TYPE agent	label	denoted by written name	bearer of Role
ID	TYPE	A rdfs:label	I http://purl.obolibrary.org/obo/IAO_0000235	I http://purl.obolibrary.org/obo/BFO_0000196
https://purls.helmholtz-metadaten.de/msekg/17451651928121	https://nfdi.fiz-karlsruhe.de/ontology/NFDI_0000102	ContactPoint 1	WrittenName 1	ContactPointRole 1
https://purls.helmholtz-metadaten.de/msekg/17451651928122	https://nfdi.fiz-karlsruhe.de/ontology/NFDI_0000102	ContactPoint 2	WrittenName 2	ContactPointRole 2
https://purls.helmholtz-metadaten.de/msekg/17451651928123	https://nfdi.fiz-karlsruhe.de/ontology/NFDI_0000102	ContactPoint 3	WrittenName 3	ContactPointRole 3
https://purls.helmholtz-metadaten.de/msekg/17451651928124	https://nfdi.fiz-karlsruhe.de/ontology/NFDI_0000102	ContactPoint 4	WrittenName 4	ContactPointRole 4
https://purls.helmholtz-metadaten.de/msekg/17451651928125	https://nfdi.fiz-karlsruhe.de/ontology/NFDI_0000102	ContactPoint 5	WrittenName 5	ContactPointRole 5
https://purls.helmholtz-metadaten.de/msekg/17451651928126	https://nfdi.fiz-karlsruhe.de/ontology/NFDI_0000102	ContactPoint 6	WrittenName 6	ContactPointRole 6
https://purls.helmholtz-metadaten.de/msekg/17451651928127	https://nfdi.fiz-karlsruhe.de/ontology/NFDI_0000102	ContactPoint 7	WrittenName 7	ContactPointRole 7
https://purls.helmholtz-metadaten.de/msekg/17451651928128	https://nfdi.fiz-karlsruhe.de/ontology/NFDI_0000102	ContactPoint 8	WrittenName 8	ContactPointRole 8
https://purls.helmholtz-metadaten.de/msekg/17451651928129	https://nfdi.fiz-karlsruhe.de/ontology/NFDI_0000102	ContactPoint 9	WrittenName 9	ContactPointRole 9
https://purls.helmholtz-metadaten.de/msekg/174516519281210	https://nfdi.fiz-karlsruhe.de/ontology/NFDI_0000102	ContactPoint 10	WrittenName 10	ContactPointRole 10
https://purls.helmholtz-metadaten.de/msekg/174516519281211	https://nfdi.fiz-karlsruhe.de/ontology/NFDI_0000102	ContactPoint 11	WrittenName 11	ContactPointRole 11
https://purls.helmholtz-metadaten.de/msekg/174516519281212	https://nfdi.fiz-karlsruhe.de/ontology/NFDI_0000102	ContactPoint 12	WrittenName 12	ContactPointRole 12
https://purls.helmholtz-metadaten.de/msekg/174516519281213	https://nfdi.fiz-karlsruhe.de/ontology/NFDI_0000102	ContactPoint 13	WrittenName 13	ContactPointRole 13
https://purls.helmholtz-metadaten.de/msekg/174516519281214	https://nfdi.fiz-karlsruhe.de/ontology/NFDI_0000102	ContactPoint 14	WrittenName 14	ContactPointRole 14
https://purls.helmholtz-metadaten.de/msekg/174516519281215	https://nfdi.fiz-karlsruhe.de/ontology/NFDI_0000102	ContactPoint 15	WrittenName 15	ContactPointRole 15
https://purls.helmholtz-metadaten.de/msekg/174516519281216	https://nfdi.fiz-karlsruhe.de/ontology/NFDI_0000102	ContactPoint 16	WrittenName 16	ContactPointRole 16
https://purls.helmholtz-metadaten.de/msekg/174516519281217	https://nfdi.fiz-karlsruhe.de/ontology/NFDI_0000102	ContactPoint 17	WrittenName 17	ContactPointRole 17
https://purls.helmholtz-metadaten.de/msekg/174516519281218	https://nfdi.fiz-karlsruhe.de/ontology/NFDI_0000102	ContactPoint 18	WrittenName 18	ContactPointRole 18
https://purls.helmholtz-metadaten.de/msekg/174516519281219	https://nfdi.fiz-karlsruhe.de/ontology/NFDI_0000102	ContactPoint 19	WrittenName 19	ContactPointRole 19
https://purls.helmholtz-metadaten.de/msekg/174516519281220	https://nfdi.fiz-karlsruhe.de/ontology/NFDI_0000102	ContactPoint 20	WrittenName 20	ContactPointRole 20
https://purls.helmholtz-metadaten.de/msekg/174516519281221	https://nfdi.fiz-karlsruhe.de/ontology/NFDI_0000102	ContactPoint 21	WrittenName 21	ContactPointRole 21
https://purls.helmholtz-metadaten.de/msekg/174516519281222	https://nfdi.fiz-karlsruhe.de/ontology/NFDI_0000102	ContactPoint 22	WrittenName 22	ContactPointRole 22
https://purls.helmholtz-metadaten.de/msekg/174516519281223	https://nfdi.fiz-karlsruhe.de/ontology/NFDI_0000102	ContactPoint 23	WrittenName 23	ContactPointRole 23
https://purls.helmholtz-metadaten.de/msekg/174516519281224	https://nfdi.fiz-karlsruhe.de/ontology/NFDI_0000102	ContactPoint 24	WrittenName 24	ContactPointRole 24
https://purls.helmholtz-metadaten.de/msekg/174516519281225	https://nfdi.fiz-karlsruhe.de/ontology/NFDI_0000102	ContactPoint 25	WrittenName 25	ContactPointRole 25
https://purls.helmholtz-metadaten.de/msekg/174516519281226	https://nfdi.fiz-karlsruhe.de/ontology/NFDI_0000102	ContactPoint 26	WrittenName 26	ContactPointRole 26
https://purls.helmholtz-metadaten.de/msekg/174516519281227	https://nfdi.fiz-karlsruhe.de/ontology/NFDI_0000102	ContactPoint 27	WrittenName 27	ContactPointRole 27
https://purls.helmholtz-metadaten.de/msekg/174516519281228	https://nfdi.fiz-karlsruhe.de/ontology/NFDI_0000102	ContactPoint 28	WrittenName 28	ContactPointRole 28
https://purls.helmholtz-metadaten.de/msekg/174516519281229	https://nfdi.fiz-karlsruhe.de/ontology/NFDI_0000102	ContactPoint 29	WrittenName 29	ContactPointRole 29
https://purls.helmholtz-metadaten.de/msekg/174516519281230	https://nfdi.fiz-karlsruhe.de/ontology/NFDI_0000102	ContactPoint 30	WrittenName 30	ContactPointRole 30
https://purls.helmholtz-metadaten.de/msekg/174516519281231	https://nfdi.fiz-karlsruhe.de/ontology/NFDI_0000102	ContactPoint 31	WrittenName 31	ContactPointRole 31
https://purls.helmholtz-metadaten.de/msekg/174516519281232	https://nfdi.fiz-karlsruhe.de/ontology/NFDI_0000102	ContactPoint 32	WrittenName 32	ContactPointRole 32
https://purls.helmholtz-metadaten.de/msekg/174516519281233	https://nfdi.fiz-karlsruhe.de/ontology/NFDI_0000102	ContactPoint 33	WrittenName 33	ContactPointRole 33
https://purls.helmholtz-metadaten.de/msekg/174516519281234	https://nfdi.fiz-karlsruhe.de/ontology/NFDI_0000102	ContactPoint 34	WrittenName 34	ContactPointRole 34
https://purls.helmholtz-metadaten.de/msekg/174516519281235	https://nfdi.fiz-karlsruhe.de/ontology/NFDI_0000102	ContactPoint 35	WrittenName 35	ContactPointRole 35
https://purls.helmholtz-metadaten.de/msekg/174516519281236	https://nfdi.fiz-karlsruhe.de/ontology/NFDI_0000102	ContactPoint 36	WrittenName 36	ContactPointRole 36
https://purls.helmholtz-metadaten.de/msekg/174516519281237	https://nfdi.fiz-karlsruhe.de/ontology/NFDI_0000102	ContactPoint 37	WrittenName 37	ContactPointRole 37
https://purls.helmholtz-metadaten.de/msekg/174516519281238	https://nfdi.fiz-karlsruhe.de/ontology/NFDI_0000102	ContactPoint 38	WrittenName 38	ContactPointRole 38
https://purls.helmholtz-metadaten.de/msekg/174516519281239	https://nfdi.fiz-karlsruhe.de/ontology/NFDI_0000102	ContactPoint 39	WrittenName 39	ContactPointRole 39
https://purls.helmholtz-metadaten.de/msekg/174516519281240	https://nfdi.fiz-karlsruhe.de/ontology/NFDI_0000102	ContactPoint 40	WrittenName 40	ContactPointRole 40
https://purls.helmholtz-metadaten.de/msekg/174516519281241	https://nfdi.fiz-karlsruhe.de/ontology/NFDI_0000102	ContactPoint 41	WrittenName 41	ContactPointRole 41
https://purls.helmholtz-metadaten.de/msekg/174516519281242	https://nfdi.fiz-karlsruhe.de/ontology/NFDI_0000102	ContactPoint 42	WrittenName 42	ContactPointRole 42
https://purls.helmholtz-metadaten.de/msekg/174516519281243	https://nfdi.fiz-karlsruhe.de/ontology/NFDI_0000102	ContactPoint 43	WrittenName 43	ContactPointRole 43
https://purls.helmholtz-metadaten.de/msekg/174516519281244	https://nfdi.fiz-karlsruhe.de/ontology/NFDI_0000102	ContactPoint 44	WrittenName 44	ContactPointRole 44
https://purls.helmholtz-metadaten.de/msekg/174516519281245	https://nfdi.fiz-karlsruhe.de/ontology/NFDI_0000102	ContactPoint 45	WrittenName 45	ContactPointRole 45
https://purls.helmholtz-metadaten.de/msekg/174516519281246	https://nfdi.fiz-karlsruhe.de/ontology/NFDI_0000102	ContactPoint 46	WrittenName 46	ContactPointRole 46
https://purls.helmholtz-metadaten.de/msekg/174516519281247	https://nfdi.fiz-karlsruhe.de/ontology/NFDI_0000102	ContactPoint 47	WrittenName 47	ContactPointRole 47
https://purls.helmholtz-metadaten.de/msekg/174516519281248	https://nfdi.fiz-karlsruhe.de/ontology/NFDI_0000102	ContactPoint 48	WrittenName 48	ContactPointRole 48
https://purls.helmholtz-metadaten.de/msekg/174516519281249	https://nfdi.fiz-karlsruhe.de/ontology/NFDI_0000102	ContactPoint 49	WrittenName 49	ContactPointRole 49
https://purls.helmholtz-metadaten.de/msekg/174516519281250	https://nfdi.fiz-karlsruhe.de/ontology/NFDI_0000102	ContactPoint 50	WrittenName 50	ContactPointRole 50
https://purls.helmholtz-metadaten.de/msekg/174516519281251	https://nfdi.fiz-karlsruhe.de/ontology/NFDI_0000102	ContactPoint 51	WrittenName 51	ContactPointRole 51
https://purls.helmholtz-metadaten.de/msekg/174516519281252	https://nfdi.fiz-karlsruhe.de/ontology/NFDI_0000102	ContactPoint 52	WrittenName 52	ContactPointRole 52
https://purls.helmholtz-metadaten.de/msekg/174516519281253	https://nfdi.fiz-karlsruhe.de/ontology/NFDI_0000102	ContactPoint 53	WrittenName 53	ContactPointRole 53
https://purls.helmholtz-metadaten.de/msekg/174516519281254	https://nfdi.fiz-karlsruhe.de/ontology/NFDI_0000102	ContactPoint 54	WrittenName 54	ContactPointRole 54
https://purls.helmholtz-metadaten.de/msekg/174516519281255	https://nfdi.fiz-karlsruhe.de/ontology/NFDI_0000102	ContactPoint 55	WrittenName 55	ContactPointRole 55
https://purls.helmholtz-metadaten.de/msekg/174516519281256	https://nfdi.fiz-karlsruhe.de/ontology/NFDI_0000102	ContactPoint 56	WrittenName 56	ContactPointRole 56
https://purls.helmholtz-metadaten.de/msekg/174516519281257	https://nfdi.fiz-karlsruhe.de/ontology/NFDI_0000102	ContactPoint 57	WrittenName 57	ContactPointRole 57
https://purls.helmholtz-metadaten.de/msekg/174516519281258	https://nfdi.fiz-karlsruhe.de/ontology/NFDI_0000102	ContactPoint 58	WrittenName 58	ContactPointRole 58
https://purls.helmholtz-metadaten.de/msekg/174516519281259	https://nfdi.fiz-karlsruhe.de/ontology/NFDI_0000102	ContactPoint 59	WrittenName 59	ContactPointRole 59
https://purls.helmholtz-metadaten.de/msekg/174516519281260	https://nfdi.fiz-karlsruhe.de/ontology/NFDI_0000102	ContactPoint 60	WrittenName 60	ContactPointRole 60
https://purls.helmholtz-metadaten.de/msekg/174516519281261	https://nfdi.fiz-karlsruhe.de/ontology/NFDI_0000102	ContactPoint 61	WrittenName 61	ContactPointRole 61
https://purls.helmholtz-metadaten.de/msekg/174516519281262	https://nfdi.fiz-karlsruhe.de/ontology/NFDI_0000102	ContactPoint 62	WrittenName 62	ContactPointRole 62
https://purls.helmholtz-metadaten.de/msekg/174516519281263	https://nfdi.fiz-karlsruhe.de/ontology/NFDI_0000102	ContactPoint 63	WrittenName 63	ContactPointRole 63
https://purls.helmholtz-metadaten.de/msekg/17451651928131	https://nfdi.fiz-karlsruhe.de/ontology/NFDI_0000102	ContactPoint 64	WrittenName 64	ContactPointRole 64
https://purls.helmholtz-metadaten.de/msekg/17451651928132	https://nfdi.fiz-karlsruhe.de/ontology/NFDI_0000102	ContactPoint 65	WrittenName 65	ContactPointRole 65
https://purls.helmholtz-metadaten.de/msekg/17451651928133	https://nfdi.fiz-karlsruhe.de/ontology/NFDI_0000102	ContactPoint 66	WrittenName 66	ContactPointRole 66
https://purls.helmholtz-metadaten.de/msekg/17451651928134	https://nfdi.fiz-karlsruhe.de/ontology/NFDI_0000102	ContactPoint 67	WrittenName 67	ContactPointRole 67
https://purls.helmholtz-metadaten.de/msekg/17451651928135	https://nfdi.fiz-karlsruhe.de/ontology/NFDI_0000102	ContactPoint 68	WrittenName 68	ContactPointRole 68
https://purls.helmholtz-metadaten.de/msekg/17451651928136	https://nfdi.fiz-karlsruhe.de/ontology/NFDI_0000102	ContactPoint 69	WrittenName 69	ContactPointRole 69
https://purls.helmholtz-metadaten.de/msekg/17451651928137	https://nfdi.fiz-karlsruhe.de/ontology/NFDI_0000102	ContactPoint 70	WrittenName 70	ContactPointRole 70
https://purls.helmholtz-metadaten.de/msekg/17451651928138	https://nfdi.fiz-karlsruhe.de/ontology/NFDI_0000102	ContactPoint 71	WrittenName 71	ContactPointRole 71
https://purls.helmholtz-metadaten.de/msekg/17451651928139	https://nfdi.fiz-karlsruhe.de/ontology/NFDI_0000102	ContactPoint 72	WrittenName 72	ContactPointRole 72
https://purls.helmholtz-metadaten.de/msekg/174516519281310	https://nfdi.fiz-karlsruhe.de/ontology/NFDI_0000102	ContactPoint 73	WrittenName 73	ContactPointRole 73
https://purls.helmholtz-metadaten.de/msekg/174516519281311	https://nfdi.fiz-karlsruhe.de/ontology/NFDI_0000102	ContactPoint 74	WrittenName 74	ContactPointRole 74
https://purls.helmholtz-metadaten.de/msekg/174516519281312	https://nfdi.fiz-karlsruhe.de/ontology/NFDI_0000102	ContactPoint 75	WrittenName 75	ContactPointRole 75
https://purls.helmholtz-metadaten.de/msekg/174516519281313	https://nfdi.fiz-karlsruhe.de/ontology/NFDI_0000102	ContactPoint 76	WrittenName 76	ContactPointRole 76
https://purls.helmholtz-metadaten.de/msekg/174516519281314	https://nfdi.fiz-karlsruhe.de/ontology/NFDI_0000102	ContactPoint 77	WrittenName 77	ContactPointRole 77
https://purls.helmholtz-metadaten.de/msekg/174516519281315	https://nfdi.fiz-karlsruhe.de/ontology/NFDI_0000102	ContactPoint 78	WrittenName 78	ContactPointRole 78
https://purls.helmholtz-metadaten.de/msekg/174516519281316	https://nfdi.fiz-karlsruhe.de/ontology/NFDI_0000102	ContactPoint 79	WrittenName 79	ContactPointRole 79
https://purls.helmholtz-metadaten.de/msekg/174516519281317	https://nfdi.fiz-karlsruhe.de/ontology/NFDI_0000102	ContactPoint 80	WrittenName 80	ContactPointRole 80
https://purls.helmholtz-metadaten.de/msekg/174516519281318	https://nfdi.fiz-karlsruhe.de/ontology/NFDI_0000102	ContactPoint 81	WrittenName 81	ContactPointRole 81
https://purls.helmholtz-metadaten.de/msekg/174516519281319	https://nfdi.fiz-karlsruhe.de/ontology/NFDI_0000102	ContactPoint 82	WrittenName 82	ContactPointRole 82
https://purls.helmholtz-metadaten.de/msekg/174516519281320	https://nfdi.fiz-karlsruhe.de/ontology/NFDI_0000102	ContactPoint 83	WrittenName 83	ContactPointRole 83
https://purls.helmholtz-metadaten.de/msekg/174516519281321	https://nfdi.fiz-karlsruhe.de/ontology/NFDI_0000102	ContactPoint 84	WrittenName 84	ContactPointRole 84
https://purls.helmholtz-metadaten.de/msekg/174516519281322	https://nfdi.fiz-karlsruhe.de/ontology/NFDI_0000102	ContactPoint 85	WrittenName 85	ContactPointRole 85
https://purls.helmholtz-metadaten.de/msekg/174516519281323	https://nfdi.fiz-karlsruhe.de/ontology/NFDI_0000102	ContactPoint 86	WrittenName 86	ContactPointRole 86
https://purls.helmholtz-metadaten.de/msekg/174516519281324	https://nfdi.fiz-karlsruhe.de/ontology/NFDI_0000102	ContactPoint 87	WrittenName 87	ContactPointRole 87
https://purls.helmholtz-metadaten.de/msekg/174516519281325	https://nfdi.fiz-karlsruhe.de/ontology/NFDI_0000102	ContactPoint 88	WrittenName 88	ContactPointRole 88
https://purls.helmholtz-metadaten.de/msekg/174516519281326	https://nfdi.fiz-karlsruhe.de/ontology/NFDI_0000102	ContactPoint 89	WrittenName 89	ContactPointRole 89
https://purls.helmholtz-metadaten.de/msekg/174516519281327	https://nfdi.fiz-karlsruhe.de/ontology/NFDI_0000102	ContactPoint 90	WrittenName 90	ContactPointRole 90
https://purls.helmholtz-metadaten.de/msekg/174516519281328	https://nfdi.fiz-karlsruhe.de/ontology/NFDI_0000102	ContactPoint 91	WrittenName 91	ContactPointRole 91
https://purls.helmholtz-metadaten.de/msekg/174516519281329	https://nfdi.fiz-karlsruhe.de/ontology/NFDI_0000102	ContactPoint 92	WrittenName 92	ContactPointRole 92
https://purls.helmholtz-metadaten.de/msekg/174516519281330	https://nfdi.fiz-karlsruhe.de/ontology/NFDI_0000102	ContactPoint 93	WrittenName 93	ContactPointRole 93
https://purls.helmholtz-metadaten.de/msekg/174516519281331	https://nfdi.fiz-karlsruhe.de/ontology/NFDI_0000102	ContactPoint 94	WrittenName 94	ContactPointRole 94
https://purls.helmholtz-metadaten.de/msekg/174516519281332	https://nfdi.fiz-karlsruhe.de/ontology/NFDI_0000102	ContactPoint 95	WrittenName 95	ContactPointRole 95
https://purls.helmholtz-metadaten.de/msekg/174516519281333	https://nfdi.fiz-karlsruhe.de/ontology/NFDI_0000102	ContactPoint 96	WrittenName 96	ContactPointRole 96
https://purls.helmholtz-metadaten.de/msekg/174516519281334	https://nfdi.fiz-karlsruhe.de/ontology/NFDI_0000102	ContactPoint 97	WrittenName 97	ContactPointRole 97
https://purls.helmholtz-metadaten.de/msekg/174516519281335	https://nfdi.fiz-karlsruhe.de/ontology/NFDI_0000102	ContactPoint 98	WrittenName 98	ContactPointRole 98
https://purls.helmholtz-metadaten.de/msekg/174516519281336	https://nfdi.fiz-karlsruhe.de/ontology/NFDI_0000102	ContactPoint 99	WrittenName 99	ContactPointRole 99
https://purls.helmholtz-metadaten.de/msekg/174516519281337	https://nfdi.fiz-karlsruhe.de/ontology/NFDI_0000102	ContactPoint 100	WrittenName 100	ContactPointRole 100
https://purls.helmholtz-metadaten.de/msekg/174516519281338	https://nfdi.fiz-karlsruhe.de/ontology/NFDI_0000102	ContactPoint 101	WrittenName 101	ContactPointRole 101
https://purls.helmholtz-metadaten.de/msekg/174516519281339	https://nfdi.fiz-karlsruhe.de/ontology/NFDI_0000102	ContactPoint 102	WrittenName 102	ContactPointRole 102
https://purls.helmholtz-metadaten.de/msekg/174516519281340	https://nfdi.fiz-karlsruhe.de/ontology/NFDI_0000102	ContactPoint 103	WrittenName 103	ContactPointRole 103
https://purls.helmholtz-metadaten.de/msekg/174516519281341	https://nfdi.fiz-karlsruhe.de/ontology/NFDI_0000102	ContactPoint 104	WrittenName 104	ContactPointRole 104
https://purls.helmholtz-metadaten.de/msekg/174516519281342	https://nfdi.fiz-karlsruhe.de/ontology/NFDI_0000102	ContactPoint 105	WrittenName 105	ContactPointRole 105
https://purls.helmholtz-metadaten.de/msekg/174516519281343	https://nfdi.fiz-karlsruhe.de/ontology/NFDI_0000102	ContactPoint 106	WrittenName 106	ContactPointRole 106
https://purls.helmholtz-metadaten.de/msekg/174516519281344	https://nfdi.fiz-karlsruhe.de/ontology/NFDI_0000102	ContactPoint 107	WrittenName 107	ContactPointRole 107
https://purls.helmholtz-metadaten.de/msekg/174516519281345	https://nfdi.fiz-karlsruhe.de/ontology/NFDI_0000102	ContactPoint 108	WrittenName 108	ContactPointRole 108
https://purls.helmholtz-metadaten.de/msekg/174516519281346	https://nfdi.fiz-karlsruhe.de/ontology/NFDI_0000102	ContactPoint 109	WrittenName 109	ContactPointRole 109
https://purls.helmholtz-metadaten.de/msekg/174516519281347	https://nfdi.fiz-karlsruhe.de/ontology/NFDI_0000102	ContactPoint 110	WrittenName 110	ContactPointRole 110
https://purls.helmholtz-metadaten.de/msekg/174516519281348	https://nfdi.fiz-karlsruhe.de/ontology/NFDI_0000102	ContactPoint 111	WrittenName 111	ContactPointRole 111
https://purls.helmholtz-metadaten.de/msekg/174516519281349	https://nfdi.fiz-karlsruhe.de/ontology/NFDI_0000102	ContactPoint 112	WrittenName 112	ContactPointRole 112
https://purls.helmholtz-metadaten.de/msekg/174516519281350	https://nfdi.fiz-karlsruhe.de/ontology/NFDI_0000102	ContactPoint 113	WrittenName 113	ContactPointRole 113
https://purls.helmholtz-metadaten.de/msekg/174516519281351	https://nfdi.fiz-karlsruhe.de/ontology/NFDI_0000102	ContactPoint 114	WrittenName 114	ContactPointRole 114
https://purls.helmholtz-metadaten.de/msekg/174516519281352	https://nfdi.fiz-karlsruhe.de/ontology/NFDI_0000102	ContactPoint 115	WrittenName 115	ContactPointRole 115
https://purls.helmholtz-metadaten.de/msekg/174516519281353	https://nfdi.fiz-karlsruhe.de/ontology/NFDI_0000102	ContactPoint 116	WrittenName 116	ContactPointRole 116
https://purls.helmholtz-metadaten.de/msekg/174516519281354	https://nfdi.fiz-karlsruhe.de/ontology/NFDI_0000102	ContactPoint 117	WrittenName 117	ContactPointRole 117
https://purls.helmholtz-metadaten.de/msekg/174516519281355	https://nfdi.fiz-karlsruhe.de/ontology/NFDI_0000102	ContactPoint 118	WrittenName 118	ContactPointRole 118
https://purls.helmholtz-metadaten.de/msekg/174516519281356	https://nfdi.fiz-karlsruhe.de/ontology/NFDI_0000102	ContactPoint 119	WrittenName 119	ContactPointRole 119
https://purls.helmholtz-metadaten.de/msekg/174516519281357	https://nfdi.fiz-karlsruhe.de/ontology/NFDI_0000102	ContactPoint 120	WrittenName 120	ContactPointRole 120
https://purls.helmholtz-metadaten.de/msekg/174516519281358	https://nfdi.fiz-karlsruhe.de/ontology/NFDI_0000102	ContactPoint 121	WrittenName 121	ContactPointRole 121
https://purls.helmholtz-metadaten.de/msekg/174516519281359	https://nfdi.fiz-karlsruhe.de/ontology/NFDI_0000102	ContactPoint 122	WrittenName 122	ContactPointRole 122
https://purls.helmholtz-metadaten.de/msekg/174516519281360	https://nfdi.fiz-karlsruhe.de/ontology/NFDI_0000102	ContactPoint 123	WrittenName 123	ContactPointRole 123
https://purls.helmholtz-metadaten.de/msekg/174516519281361	https://nfdi.fiz-karlsruhe.de/ontology/NFDI_0000102	ContactPoint 124	WrittenName 124	ContactPointRole 124
https://purls.helmholtz-metadaten.de/msekg/174516519281362	https://nfdi.fiz-karlsruhe.de/ontology/NFDI_0000102	ContactPoint 125	WrittenName 125	ContactPointRole 125
https://purls.helmholtz-metadaten.de/msekg/174516519281363	https://nfdi.fiz-karlsruhe.de/ontology/NFDI_0000102	ContactPoint 126	WrittenName 126	ContactPointRole 126
https://purls.helmholtz-metadaten.de/msekg/174516519281364	https://nfdi.fiz-karlsruhe.de/ontology/NFDI_0000102	ContactPoint 127	WrittenName 127	ContactPointRole 127
https://purls.helmholtz-metadaten.de/msekg/174516519281365	https://nfdi.fiz-karlsruhe.de/ontology/NFDI_0000102	ContactPoint 128	WrittenName 128	ContactPointRole 128
https://purls.helmholtz-metadaten.de/msekg/174516519281366	https://nfdi.fiz-karlsruhe.de/ontology/NFDI_0000102	ContactPoint 129	WrittenName 129	ContactPointRole 129
https://purls.helmholtz-metadaten.de/msekg/174516519281367	https://nfdi.fiz-karlsruhe.de/ontology/NFDI_0000102	ContactPoint 130	WrittenName 130	ContactPointRole 130
https://purls.helmholtz-metadaten.de/msekg/174516519281368	https://nfdi.fiz-karlsruhe.de/ontology/NFDI_0000102	ContactPoint 131	WrittenName 131	ContactPointRole 131
https://purls.helmholtz-metadaten.de/msekg/174516519281369	https://nfdi.fiz-karlsruhe.de/ontology/NFDI_0000102	ContactPoint 132	WrittenName 132	ContactPointRole 132
https://purls.helmholtz-metadaten.de/msekg/174516519281370	https://nfdi.fiz-karlsruhe.de/ontology/NFDI_0000102	ContactPoint 133	WrittenName 133	ContactPointRole 133
https://purls.helmholtz-metadaten.de/msekg/174516519281371	https://nfdi.fiz-karlsruhe.de/ontology/NFDI_0000102	ContactPoint 134	WrittenName 134	ContactPointRole 134
https://purls.helmholtz-metadaten.de/msekg/174516519281372	https://nfdi.fiz-karlsruhe.de/ontology/NFDI_0000102	ContactPoint 135	WrittenName 135	ContactPointRole 135
https://purls.helmholtz-metadaten.de/msekg/174516519281373	https://nfdi.fiz-karlsruhe.de/ontology/NFDI_0000102	ContactPoint 136	WrittenName 136	ContactPointRole 136
https://purls.helmholtz-metadaten.de/msekg/174516519281374	https://nfdi.fiz-karlsruhe.de/ontology/NFDI_0000102	ContactPoint 137	WrittenName 137	ContactPointRole 137
https://purls.helmholtz-metadaten.de/msekg/174516519281375	https://nfdi.fiz-karlsruhe.de/ontology/NFDI_0000102	ContactPoint 138	WrittenName 138	ContactPointRole 138
https://purls.helmholtz-metadaten.de/msekg/174516519281376	https://nfdi.fiz-karlsruhe.de/ontology/NFDI_0000102	ContactPoint 139	WrittenName 139	ContactPointRole 139
https://purls.helmholtz-metadaten.de/msekg/174516519281377	https://nfdi.fiz-karlsruhe.de/ontology/NFDI_0000102	ContactPoint 140	WrittenName 140	ContactPointRole 140
https://purls.helmholtz-metadaten.de/msekg/174516519281378	https://nfdi.fiz-karlsruhe.de/ontology/NFDI_0000102	ContactPoint 141	WrittenName 141	ContactPointRole 141
https://purls.helmholtz-metadaten.de/msekg/174516519281379	https://nfdi.fiz-karlsruhe.de/ontology/NFDI_0000102	ContactPoint 142	WrittenName 142	ContactPointRole 142
https://purls.helmholtz-metadaten.de/msekg/174516519281380	https://nfdi.fiz-karlsruhe.de/ontology/NFDI_0000102	ContactPoint 143	WrittenName 143	ContactPointRole 143
https://purls.helmholtz-metadaten.de/msekg/174516519281381	https://nfdi.fiz-karlsruhe.de/ontology/NFDI_0000102	ContactPoint 144	WrittenName 144	ContactPointRole 144
https://purls.helmholtz-metadaten.de/msekg/174516519281382	https://nfdi.fiz-karlsruhe.de/ontology/NFDI_0000102	ContactPoint 145	WrittenName 145	ContactPointRole 145
https://purls.helmholtz-metadaten.de/msekg/174516519281383	https://nfdi.fiz-karlsruhe.de/ontology/NFDI_0000102	ContactPoint 146	WrittenName 146	ContactPointRole 146
https://purls.helmholtz-metadaten.de/msekg/174516519281384	https://nfdi.fiz-karlsruhe.de/ontology/NFDI_0000102	ContactPoint 147	WrittenName 147	ContactPointRole 147
https://purls.helmholtz-metadaten.de/msekg/174516519281385	https://nfdi.fiz-karlsruhe.de/ontology/NFDI_0000102	ContactPoint 148	WrittenName 148	ContactPointRole 148
https://purls.helmholtz-metadaten.de/msekg/174516519281386	https://nfdi.fiz-karlsruhe.de/ontology/NFDI_0000102	ContactPoint 149	WrittenName 149	ContactPointRole 149
https://purls.helmholtz-metadaten.de/msekg/174516519281387	https://nfdi.fiz-karlsruhe.de/ontology/NFDI_0000102	ContactPoint 150	WrittenName 150	ContactPointRole 150
https://purls.helmholtz-metadaten.de/msekg/174516519281388	https://nfdi.fiz-karlsruhe.de/ontology/NFDI_0000102	ContactPoint 151	WrittenName 151	ContactPointRole 151
https://purls.helmholtz-metadaten.de/msekg/174516519281389	https://nfdi.fiz-karlsruhe.de/ontology/NFDI_0000102	ContactPoint 152	WrittenName 152	ContactPointRole 152
https://purls.helmholtz-metadaten.de/msekg/174516519281390	https://nfdi.fiz-karlsruhe.de/ontology/NFDI_0000102	ContactPoint 153	WrittenName 153	ContactPointRole 153
https://purls.helmholtz-metadaten.de/msekg/174516519281391	https://nfdi.fiz-karlsruhe.de/ontology/NFDI_0000102	ContactPoint 154	WrittenName 154	ContactPointRole 154
https://purls.helmholtz-metadaten.de/msekg/174516519281392	https://nfdi.fiz-karlsruhe.de/ontology/NFDI_0000102	ContactPoint 155	WrittenName 155	ContactPointRole 155
https://purls.helmholtz-metadaten.de/msekg/174516519281393	https://nfdi.fiz-karlsruhe.de/ontology/NFDI_0000102	ContactPoint 156	WrittenName 156	ContactPointRole 156
https://purls.helmholtz-metadaten.de/msekg/174516519281394	https://nfdi.fiz-karlsruhe.de/ontology/NFDI_0000102	ContactPoint 157	WrittenName 157	ContactPointRole 157
https://purls.helmholtz-metadaten.de/msekg/174516519281395	https://nfdi.fiz-karlsruhe.de/ontology/NFDI_0000102	ContactPoint 158	WrittenName 158	ContactPointRole 158
https://purls.helmholtz-metadaten.de/msekg/174516519281396	https://nfdi.fiz-karlsruhe.de/ontology/NFDI_0000102	ContactPoint 159	WrittenName 159	ContactPointRole 159
https://purls.helmholtz-metadaten.de/msekg/174516519281397	https://nfdi.fiz-karlsruhe.de/ontology/NFDI_0000102	ContactPoint 160	WrittenName 160	ContactPointRole 160
https://purls.helmholtz-metadaten.de/msekg/174516519281398	https://nfdi.fiz-karlsruhe.de/ontology/NFDI_0000102	ContactPoint 161	WrittenName 161	ContactPointRole 161
https://purls.helmholtz-metadaten.de/msekg/174516519281399	https://nfdi.fiz-karlsruhe.de/ontology/NFDI_0000102	ContactPoint 162	WrittenName 162	ContactPointRole 162
https://purls.helmholtz-metadaten.de/msekg/1745165192813100	https://nfdi.fiz-karlsruhe.de/ontology/NFDI_0000102	ContactPoint 163	WrittenName 163	ContactPointRole 163
https://purls.helmholtz-metadaten.de/msekg/1745165192813101	https://nfdi.fiz-karlsruhe.de/ontology/NFDI_0000102	ContactPoint 164	WrittenName 164	ContactPointRole 164
https://purls.helmholtz-metadaten.de/msekg/1745165192813102	https://nfdi.fiz-karlsruhe.de/ontology/NFDI_0000102	ContactPoint 165	WrittenName 165	ContactPointRole 165
https://purls.helmholtz-metadaten.de/msekg/1745165192813103	https://nfdi.fiz-karlsruhe.de/ontology/NFDI_0000102	ContactPoint 166	WrittenName 166	ContactPointRole 166
https://purls.helmholtz-metadaten.de/msekg/1745165192813104	https://nfdi.fiz-karlsruhe.de/ontology/NFDI_0000102	ContactPoint 167	WrittenName 167	ContactPointRole 167
https://purls.helmholtz-metadaten.de/msekg/1745165192813105	https://nfdi.fiz-karlsruhe.de/ontology/NFDI_0000102	ContactPoint 168	WrittenName 168	ContactPointRole 168
https://purls.helmholtz-metadaten.de/msekg/1745165192813106	https://nfdi.fiz-karlsruhe.de/ontology/NFDI_0000102	ContactPoint 169	WrittenName 169	ContactPointRole 169
https://purls.helmholtz-metadaten.de/msekg/1745165192813107	https://nfdi.fiz-karlsruhe.de/ontology/NFDI_0000102	ContactPoint 170	WrittenName 170	ContactPointRole 170
https://purls.helmholtz-metadaten.de/msekg/1745165192813108	https://nfdi.fiz-karlsruhe.de/ontology/NFDI_0000102	ContactPoint 171	WrittenName 171	ContactPointRole 171
https://purls.helmholtz-metadaten.de/msekg/1745165192813109	https://nfdi.fiz-karlsruhe.de/ontology/NFDI_0000102	ContactPoint 172	WrittenName 172	ContactPointRole 172
https://purls.helmholtz-metadaten.de/msekg/1745165192813110	https://nfdi.fiz-karlsruhe.de/ontology/NFDI_0000102	ContactPoint 173	WrittenName 173	ContactPointRole 173
https://purls.helmholtz-metadaten.de/msekg/1745165192813111	https://nfdi.fiz-karlsruhe.de/ontology/NFDI_0000102	ContactPoint 174	WrittenName 174	ContactPointRole 174
https://purls.helmholtz-metadaten.de/msekg/1745165192813112	https://nfdi.fiz-karlsruhe.de/ontology/NFDI_0000102	ContactPoint 175	WrittenName 175	ContactPointRole 175
https://purls.helmholtz-metadaten.de/msekg/1745165192813113	https://nfdi.fiz-karlsruhe.de/ontology/NFDI_0000102	ContactPoint 176	WrittenName 176	ContactPointRole 176
https://purls.helmholtz-metadaten.de/msekg/1745165192813114	https://nfdi.fiz-karlsruhe.de/ontology/NFDI_0000102	ContactPoint 177	WrittenName 177	ContactPointRole 177
https://purls.helmholtz-metadaten.de/msekg/1745165192813115	https://nfdi.fiz-karlsruhe.de/ontology/NFDI_0000102	ContactPoint 178	WrittenName 178	ContactPointRole 178
https://purls.helmholtz-metadaten.de/msekg/1745165192813116	https://nfdi.fiz-karlsruhe.de/ontology/NFDI_0000102	ContactPoint 179	WrittenName 179	ContactPointRole 179
https://purls.helmholtz-metadaten.de/msekg/1745165192813117	https://nfdi.fiz-karlsruhe.de/ontology/NFDI_0000102	ContactPoint 180	WrittenName 180	ContactPointRole 180
https://purls.helmholtz-metadaten.de/msekg/1745165192813118	https://nfdi.fiz-karlsruhe.de/ontology/NFDI_0000102	ContactPoint 181	WrittenName 181	ContactPointRole 181
https://purls.helmholtz-metadaten.de/msekg/1745165192813119	https://nfdi.fiz-karlsruhe.de/ontology/NFDI_0000102	ContactPoint 182	WrittenName 182	ContactPointRole 182
https://purls.helmholtz-metadaten.de/msekg/1745165192813120	https://nfdi.fiz-karlsruhe.de/ontology/NFDI_0000102	ContactPoint 183	WrittenName 183	ContactPointRole 183
https://purls.helmholtz-metadaten.de/msekg/1745165192813121	https://nfdi.fiz-karlsruhe.de/ontology/NFDI_0000102	ContactPoint 184	WrittenName 184	ContactPointRole 184
https://purls.helmholtz-metadaten.de/msekg/1745165192813122	https://nfdi.fiz-karlsruhe.de/ontology/NFDI_0000102	ContactPoint 185	WrittenName 185	ContactPointRole 185
https://purls.helmholtz-metadaten.de/msekg/1745165192813123	https://nfdi.fiz-karlsruhe.de/ontology/NFDI_0000102	ContactPoint 186	WrittenName 186	ContactPointRole 186
https://purls.helmholtz-metadaten.de/msekg/1745165192813124	https://nfdi.fiz-karlsruhe.de/ontology/NFDI_0000102	ContactPoint 187	WrittenName 187	ContactPointRole 187
https://purls.helmholtz-metadaten.de/msekg/1745165192813125	https://nfdi.fiz-karlsruhe.de/ontology/NFDI_0000102	ContactPoint 188	WrittenName 188	ContactPointRole 188
https://purls.helmholtz-metadaten.de/msekg/1745165192813126	https://nfdi.fiz-karlsruhe.de/ontology/NFDI_0000102	ContactPoint 189	WrittenName 189	ContactPointRole 189
https://purls.helmholtz-metadaten.de/msekg/1745165192813127	https://nfdi.fiz-karlsruhe.de/ontology/NFDI_0000102	ContactPoint 190	WrittenName 190	ContactPointRole 190
https://purls.helmholtz-metadaten.de/msekg/1745165192813128	https://nfdi.fiz-karlsruhe.de/ontology/NFDI_0000102	ContactPoint 191	WrittenName 191	ContactPointRole 191
https://purls.helmholtz-metadaten.de/msekg/1745165192813129	https://nfdi.fiz-karlsruhe.de/ontology/NFDI_0000102	ContactPoint 192	WrittenName 192	ContactPointRole 192
https://purls.helmholtz-metadaten.de/msekg/1745165192813130	https://nfdi.fiz-karlsruhe.de/ontology/NFDI_0000102	ContactPoint 193	WrittenName 193	ContactPointRole 193
https://purls.helmholtz-metadaten.de/msekg/1745165192813131	https://nfdi.fiz-karlsruhe.de/ontology/NFDI_0000102	ContactPoint 194	WrittenName 194	ContactPointRole 194
https://purls.helmholtz-metadaten.de/msekg/1745165192813132	https://nfdi.fiz-karlsruhe.de/ontology/NFDI_0000102	ContactPoint 195	WrittenName 195	ContactPointRole 195
https://purls.helmholtz-metadaten.de/msekg/1745165192813133	https://nfdi.fiz-karlsruhe.de/ontology/NFDI_0000102	ContactPoint 196	WrittenName 196	ContactPointRole 196
https://purls.helmholtz-metadaten.de/msekg/1745165192813134	https://nfdi.fiz-karlsruhe.de/ontology/NFDI_0000102	ContactPoint 197	WrittenName 197	ContactPointRole 197
https://purls.helmholtz-metadaten.de/msekg/1745165192813135	https://nfdi.fiz-karlsruhe.de/ontology/NFDI_0000102	ContactPoint 198	WrittenName 198	ContactPointRole 198
https://purls.helmholtz-metadaten.de/msekg/1745165192813136	https://nfdi.fiz-karlsruhe.de/ontology/NFDI_0000102	ContactPoint 199	WrittenName 199	ContactPointRole 199
https://purls.helmholtz-metadaten.de/msekg/1745165192813137	https://nfdi.fiz-karlsruhe.de/ontology/NFDI_0000102	ContactPoint 200	WrittenName 200	ContactPointRole 200
https://purls.helmholtz-metadaten.de/msekg/1745165192813138	https://nfdi.fiz-karlsruhe.de/ontology/NFDI_0000102	ContactPoint 201	WrittenName 201	ContactPointRole 201
https://purls.helmholtz-metadaten.de/msekg/1745165192813139	https://nfdi.fiz-karlsruhe.de/ontology/NFDI_0000102	ContactPoint 202	WrittenName 202	ContactPointRole 202
https://purls.helmholtz-metadaten.de/msekg/17453226750451	https://nfdi.fiz-karlsruhe.de/ontology/NFDI_0000102	ContactPoint 203	WrittenName 203	ContactPointRole 203
https://purls.helmholtz-metadaten.de/msekg/17453226750452	https://nfdi.fiz-karlsruhe.de/ontology/NFDI_0000102	ContactPoint 204	WrittenName 204	ContactPointRole 204
https://purls.helmholtz-metadaten.de/msekg/17453226750453	https://nfdi.fiz-karlsruhe.de/ontology/NFDI_0000102	ContactPoint 205	WrittenName 205	ContactPointRole 205
https://purls.helmholtz-metadaten.de/msekg/17453226750454	https://nfdi.fiz-karlsruhe.de/ontology/NFDI_0000102	ContactPoint 206	WrittenName 206	ContactPointRole 206
https://purls.helmholtz-metadaten.de/msekg/17453226750455	https://nfdi.fiz-karlsruhe.de/ontology/NFDI_0000102	ContactPoint 207	WrittenName 207	ContactPointRole 207
https://purls.helmholtz-metadaten.de/msekg/17453226750456	https://nfdi.fiz-karlsruhe.de/ontology/NFDI_0000102	ContactPoint 208	WrittenName 208	ContactPointRole 208
https://purls.helmholtz-metadaten.de/msekg/17453226750457	https://nfdi.fiz-karlsruhe.de/ontology/NFDI_0000102	ContactPoint 209	WrittenName 209	ContactPointRole 209
https://purls.helmholtz-metadaten.de/msekg/17453226750458	https://nfdi.fiz-karlsruhe.de/ontology/NFDI_0000102	ContactPoint 210	WrittenName 210	ContactPointRole 210
https://purls.helmholtz-metadaten.de/msekg/17453226750459	https://nfdi.fiz-karlsruhe.de/ontology/NFDI_0000102	ContactPoint 211	WrittenName 211	ContactPointRole 211
https://purls.helmholtz-metadaten.de/msekg/174532267504510	https://nfdi.fiz-karlsruhe.de/ontology/NFDI_0000102	ContactPoint 212	WrittenName 212	ContactPointRole 212
https://purls.helmholtz-metadaten.de/msekg/174532267504511	https://nfdi.fiz-karlsruhe.de/ontology/NFDI_0000102	ContactPoint 213	WrittenName 213	ContactPointRole 213
https://purls.helmholtz-metadaten.de/msekg/174532267504512	https://nfdi.fiz-karlsruhe.de/ontology/NFDI_0000102	ContactPoint 214	WrittenName 214	ContactPointRole 214
https://purls.helmholtz-metadaten.de/msekg/174532267504513	https://nfdi.fiz-karlsruhe.de/ontology/NFDI_0000102	ContactPoint 215	WrittenName 215	ContactPointRole 215
https://purls.helmholtz-metadaten.de/msekg/174532267504514	https://nfdi.fiz-karlsruhe.de/ontology/NFDI_0000102	ContactPoint 216	WrittenName 216	ContactPointRole 216
https://purls.helmholtz-metadaten.de/msekg/174532267504515	https://nfdi.fiz-karlsruhe.de/ontology/NFDI_0000102	ContactPoint 217	WrittenName 217	ContactPointRole 217
https://purls.helmholtz-metadaten.de/msekg/174532267504516	https://nfdi.fiz-karlsruhe.de/ontology/NFDI_0000102	ContactPoint 218	WrittenName 218	ContactPointRole 218
https://purls.helmholtz-metadaten.de/msekg/174532267504517	https://nfdi.fiz-karlsruhe.de/ontology/NFDI_0000102	ContactPoint 219	WrittenName 219	ContactPointRole 219
https://purls.helmholtz-metadaten.de/msekg/174532267504518	https://nfdi.fiz-karlsruhe.de/ontology/NFDI_0000102	ContactPoint 220	WrittenName 220	ContactPointRole 220
https://purls.helmholtz-metadaten.de/msekg/174532267504519	https://nfdi.fiz-karlsruhe.de/ontology/NFDI_0000102	ContactPoint 221	WrittenName 221	ContactPointRole 221
https://purls.helmholtz-metadaten.de/msekg/174532267504520	https://nfdi.fiz-karlsruhe.de/ontology/NFDI_0000102	ContactPoint 222	WrittenName 222	ContactPointRole 222
https://purls.helmholtz-metadaten.de/msekg/174532267504521	https://nfdi.fiz-karlsruhe.de/ontology/NFDI_0000102	ContactPoint 223	WrittenName 223	ContactPointRole 223
https://purls.helmholtz-metadaten.de/msekg/174532267504522	https://nfdi.fiz-karlsruhe.de/ontology/NFDI_0000102	ContactPoint 224	WrittenName 224	ContactPointRole 224
https://purls.helmholtz-metadaten.de/msekg/174532267504523	https://nfdi.fiz-karlsruhe.de/ontology/NFDI_0000102	ContactPoint 225	WrittenName 225	ContactPointRole 225
https://purls.helmholtz-metadaten.de/msekg/174532267504524	https://nfdi.fiz-karlsruhe.de/ontology/NFDI_0000102	ContactPoint 226	WrittenName 226	ContactPointRole 226
https://purls.helmholtz-metadaten.de/msekg/174532267504525	https://nfdi.fiz-karlsruhe.de/ontology/NFDI_0000102	ContactPoint 227	WrittenName 227	ContactPointRole 227
https://purls.helmholtz-metadaten.de/msekg/174532267504526	https://nfdi.fiz-karlsruhe.de/ontology/NFDI_0000102	ContactPoint 228	WrittenName 228	ContactPointRole 228
https://purls.helmholtz-metadaten.de/msekg/174532267504527	https://nfdi.fiz-karlsruhe.de/ontology/NFDI_0000102	ContactPoint 229	WrittenName 229	ContactPointRole 229
https://purls.helmholtz-metadaten.de/msekg/174532267504528	https://nfdi.fiz-karlsruhe.de/ontology/NFDI_0000102	ContactPoint 230	WrittenName 230	ContactPointRole 230
https://purls.helmholtz-metadaten.de/msekg/174532267504529	https://nfdi.fiz-karlsruhe.de/ontology/NFDI_0000102	ContactPoint 231	WrittenName 231	ContactPointRole 231
https://purls.helmholtz-metadaten.de/msekg/174532267504530	https://nfdi.fiz-karlsruhe.de/ontology/NFDI_0000102	ContactPoint 232	WrittenName 232	ContactPointRole 232
https://purls.helmholtz-metadaten.de/msekg/174532267504531	https://nfdi.fiz-karlsruhe.de/ontology/NFDI_0000102	ContactPoint 233	WrittenName 233	ContactPointRole 233
https://purls.helmholtz-metadaten.de/msekg/174532267504532	https://nfdi.fiz-karlsruhe.de/ontology/NFDI_0000102	ContactPoint 234	WrittenName 234	ContactPointRole 234
https://purls.helmholtz-metadaten.de/msekg/174532267504533	https://nfdi.fiz-karlsruhe.de/ontology/NFDI_0000102	ContactPoint 235	WrittenName 235	ContactPointRole 235
https://purls.helmholtz-metadaten.de/msekg/174532267504534	https://nfdi.fiz-karlsruhe.de/ontology/NFDI_0000102	ContactPoint 236	WrittenName 236	ContactPointRole 236
https://purls.helmholtz-metadaten.de/msekg/174532267504535	https://nfdi.fiz-karlsruhe.de/ontology/NFDI_0000102	ContactPoint 237	WrittenName 237	ContactPointRole 237
https://purls.helmholtz-metadaten.de/msekg/174532267504536	https://nfdi.fiz-karlsruhe.de/ontology/NFDI_0000102	ContactPoint 238	WrittenName 238	ContactPointRole 238
https://purls.helmholtz-metadaten.de/msekg/174532267504537	https://nfdi.fiz-karlsruhe.de/ontology/NFDI_0000102	ContactPoint 239	WrittenName 239	ContactPointRole 239
https://purls.helmholtz-metadaten.de/msekg/174532267504538	https://nfdi.fiz-karlsruhe.de/ontology/NFDI_0000102	ContactPoint 240	WrittenName 240	ContactPointRole 240
https://purls.helmholtz-metadaten.de/msekg/174532267504539	https://nfdi.fiz-karlsruhe.de/ontology/NFDI_0000102	ContactPoint 241	WrittenName 241	ContactPointRole 241
https://purls.helmholtz-metadaten.de/msekg/174532267504540	https://nfdi.fiz-karlsruhe.de/ontology/NFDI_0000102	ContactPoint 242	WrittenName 242	ContactPointRole 242
https://purls.helmholtz-metadaten.de/msekg/174532267504541	https://nfdi.fiz-karlsruhe.de/ontology/NFDI_0000102	ContactPoint 243	WrittenName 243	ContactPointRole 243
https://purls.helmholtz-metadaten.de/msekg/174532267504542	https://nfdi.fiz-karlsruhe.de/ontology/NFDI_0000102	ContactPoint 244	WrittenName 244	ContactPointRole 244
https://purls.helmholtz-metadaten.de/msekg/174532267504543	https://nfdi.fiz-karlsruhe.de/ontology/NFDI_0000102	ContactPoint 245	WrittenName 245	ContactPointRole 245
https://purls.helmholtz-metadaten.de/msekg/174532267504544	https://nfdi.fiz-karlsruhe.de/ontology/NFDI_0000102	ContactPoint 246	WrittenName 246	ContactPointRole 246
https://purls.helmholtz-metadaten.de/msekg/174532267504545	https://nfdi.fiz-karlsruhe.de/ontology/NFDI_0000102	ContactPoint 247	WrittenName 247	ContactPointRole 247
https://purls.helmholtz-metadaten.de/msekg/174532267504546	https://nfdi.fiz-karlsruhe.de/ontology/NFDI_0000102	ContactPoint 248	WrittenName 248	ContactPointRole 248
https://purls.helmholtz-metadaten.de/msekg/174532267504547	https://nfdi.fiz-karlsruhe.de/ontology/NFDI_0000102	ContactPoint 249	WrittenName 249	ContactPointRole 249
https://purls.helmholtz-metadaten.de/msekg/174532267504548	https://nfdi.fiz-karlsruhe.de/ontology/NFDI_0000102	ContactPoint 250	WrittenName 250	ContactPointRole 250
https://purls.helmholtz-metadaten.de/msekg/174532267504549	https://nfdi.fiz-karlsruhe.de/ontology/NFDI_0000102	ContactPoint 251	WrittenName 251	ContactPointRole 251
https://purls.helmholtz-metadaten.de/msekg/174532267504550	https://nfdi.fiz-karlsruhe.de/ontology/NFDI_0000102	ContactPoint 252	WrittenName 252	ContactPointRole 252
https://purls.helmholtz-metadaten.de/msekg/174532267504551	https://nfdi.fiz-karlsruhe.de/ontology/NFDI_0000102	ContactPoint 253	WrittenName 253	ContactPointRole 253
https://purls.helmholtz-metadaten.de/msekg/174532267504552	https://nfdi.fiz-karlsruhe.de/ontology/NFDI_0000102	ContactPoint 254	WrittenName 254	ContactPointRole 254
https://purls.helmholtz-metadaten.de/msekg/174532267504553	https://nfdi.fiz-karlsruhe.de/ontology/NFDI_0000102	ContactPoint 255	WrittenName 255	ContactPointRole 255
https://purls.helmholtz-metadaten.de/msekg/174532267504554	https://nfdi.fiz-karlsruhe.de/ontology/NFDI_0000102	ContactPoint 256	WrittenName 256	ContactPointRole 256
https://purls.helmholtz-metadaten.de/msekg/174532267504555	https://nfdi.fiz-karlsruhe.de/ontology/NFDI_0000102	ContactPoint 257	WrittenName 257	ContactPointRole 257
https://purls.helmholtz-metadaten.de/msekg/174532267504556	https://nfdi.fiz-karlsruhe.de/ontology/NFDI_0000102	ContactPoint 258	WrittenName 258	ContactPointRole 258
https://purls.helmholtz-metadaten.de/msekg/174532267504557	https://nfdi.fiz-karlsruhe.de/ontology/NFDI_0000102	ContactPoint 259	WrittenName 259	ContactPointRole 259
https://purls.helmholtz-metadaten.de/msekg/174532267504558	https://nfdi.fiz-karlsruhe.de/ontology/NFDI_0000102	ContactPoint 260	WrittenName 260	ContactPointRole 260
https://purls.helmholtz-metadaten.de/msekg/174532267504559	https://nfdi.fiz-karlsruhe.de/ontology/NFDI_0000102	ContactPoint 261	WrittenName 261	ContactPointRole 261
https://purls.helmholtz-metadaten.de/msekg/174532267504560	https://nfdi.fiz-karlsruhe.de/ontology/NFDI_0000102	ContactPoint 262	WrittenName 262	ContactPointRole 262
https://purls.helmholtz-metadaten.de/msekg/174532267504561	https://nfdi.fiz-karlsruhe.de/ontology/NFDI_0000102	ContactPoint 263	WrittenName 263	ContactPointRole 263
https://purls.helmholtz-metadaten.de/msekg/174532267504562	https://nfdi.fiz-karlsruhe.de/ontology/NFDI_0000102	ContactPoint 264	WrittenName 264	ContactPointRole 264
https://purls.helmholtz-metadaten.de/msekg/174532267504563	https://nfdi.fiz-karlsruhe.de/ontology/NFDI_0000102	ContactPoint 265	WrittenName 265	ContactPointRole 265
https://purls.helmholtz-metadaten.de/msekg/17453268582141	https://nfdi.fiz-karlsruhe.de/ontology/NFDI_0000102	ContactPoint 266	WrittenName 266	ContactPointRole 266
https://purls.helmholtz-metadaten.de/msekg/17453268582142	https://nfdi.fiz-karlsruhe.de/ontology/NFDI_0000102	ContactPoint 267	WrittenName 267	ContactPointRole 267
https://purls.helmholtz-metadaten.de/msekg/17453268582143	https://nfdi.fiz-karlsruhe.de/ontology/NFDI_0000102	ContactPoint 268	WrittenName 268	ContactPointRole 268
https://purls.helmholtz-metadaten.de/msekg/17453268582144	https://nfdi.fiz-karlsruhe.de/ontology/NFDI_0000102	ContactPoint 269	WrittenName 269	ContactPointRole 269
https://purls.helmholtz-metadaten.de/msekg/17453268582145	https://nfdi.fiz-karlsruhe.de/ontology/NFDI_0000102	ContactPoint 270	WrittenName 270	ContactPointRole 270
https://purls.helmholtz-metadaten.de/msekg/17453268582146	https://nfdi.fiz-karlsruhe.de/ontology/NFDI_0000102	ContactPoint 271	WrittenName 271	ContactPointRole 271
https://purls.helmholtz-metadaten.de/msekg/17453268582147	https://nfdi.fiz-karlsruhe.de/ontology/NFDI_0000102	ContactPoint 272	WrittenName 272	ContactPointRole 272
https://purls.helmholtz-metadaten.de/msekg/17453268582148	https://nfdi.fiz-karlsruhe.de/ontology/NFDI_0000102	ContactPoint 273	WrittenName 273	ContactPointRole 273
https://purls.helmholtz-metadaten.de/msekg/17453268582149	https://nfdi.fiz-karlsruhe.de/ontology/NFDI_0000102	ContactPoint 274	WrittenName 274	ContactPointRole 274
https://purls.helmholtz-metadaten.de/msekg/174532685821410	https://nfdi.fiz-karlsruhe.de/ontology/NFDI_0000102	ContactPoint 275	WrittenName 275	ContactPointRole 275
https://purls.helmholtz-metadaten.de/msekg/174532685821411	https://nfdi.fiz-karlsruhe.de/ontology/NFDI_0000102	ContactPoint 276	WrittenName 276	ContactPointRole 276
https://purls.helmholtz-metadaten.de/msekg/17453314573171	https://nfdi.fiz-karlsruhe.de/ontology/NFDI_0000102	ContactPoint 277	WrittenName 277	ContactPointRole 277
https://purls.helmholtz-metadaten.de/msekg/17453314573172	https://nfdi.fiz-karlsruhe.de/ontology/NFDI_0000102	ContactPoint 278	WrittenName 278	ContactPointRole 278
https://purls.helmholtz-metadaten.de/msekg/17453314573173	https://nfdi.fiz-karlsruhe.de/ontology/NFDI_0000102	ContactPoint 279	WrittenName 279	ContactPointRole 279
https://purls.helmholtz-metadaten.de/msekg/17453314573174	https://nfdi.fiz-karlsruhe.de/ontology/NFDI_0000102	ContactPoint 280	WrittenName 280	ContactPointRole 280
https://purls.helmholtz-metadaten.de/msekg/17453314573175	https://nfdi.fiz-karlsruhe.de/ontology/NFDI_0000102	ContactPoint 281	WrittenName 281	ContactPointRole 281
https://purls.helmholtz-metadaten.de/msekg/17453314573176	https://nfdi.fiz-karlsruhe.de/ontology/NFDI_0000102	ContactPoint 282	WrittenName 282	ContactPointRole 282
https://purls.helmholtz-metadaten.de/msekg/17453314573177	https://nfdi.fiz-karlsruhe.de/ontology/NFDI_0000102	ContactPoint 283	WrittenName 283	ContactPointRole 283
https://purls.helmholtz-metadaten.de/msekg/17453314573178	https://nfdi.fiz-karlsruhe.de/ontology/NFDI_0000102	ContactPoint 284	WrittenName 284	ContactPointRole 284
https://purls.helmholtz-metadaten.de/msekg/17453314573179	https://nfdi.fiz-karlsruhe.de/ontology/NFDI_0000102	ContactPoint 285	WrittenName 285	ContactPointRole 285
https://purls.helmholtz-metadaten.de/msekg/174533145731710	https://nfdi.fiz-karlsruhe.de/ontology/NFDI_0000102	ContactPoint 286	WrittenName 286	ContactPointRole 286
https://purls.helmholtz-metadaten.de/msekg/174533145731711	https://nfdi.fiz-karlsruhe.de/ontology/NFDI_0000102	ContactPoint 287	WrittenName 287	ContactPointRole 287
https://purls.helmholtz-metadaten.de/msekg/174533145731712	https://nfdi.fiz-karlsruhe.de/ontology/NFDI_0000102	ContactPoint 288	WrittenName 288	ContactPointRole 288
https://purls.helmholtz-metadaten.de/msekg/174533145731713	https://nfdi.fiz-karlsruhe.de/ontology/NFDI_0000102	ContactPoint 289	WrittenName 289	ContactPointRole 289
https://purls.helmholtz-metadaten.de/msekg/174533145731714	https://nfdi.fiz-karlsruhe.de/ontology/NFDI_0000102	ContactPoint 290	WrittenName 290	ContactPointRole 290
https://purls.helmholtz-metadaten.de/msekg/174533145731715	https://nfdi.fiz-karlsruhe.de/ontology/NFDI_0000102	ContactPoint 291	WrittenName 291	ContactPointRole 291
https://purls.helmholtz-metadaten.de/msekg/174533145731716	https://nfdi.fiz-karlsruhe.de/ontology/NFDI_0000102	ContactPoint 292	WrittenName 292	ContactPointRole 292
https://purls.helmholtz-metadaten.de/msekg/174533145731717	https://nfdi.fiz-karlsruhe.de/ontology/NFDI_0000102	ContactPoint 293	WrittenName 293	ContactPointRole 293
https://purls.helmholtz-metadaten.de/msekg/174533145731718	https://nfdi.fiz-karlsruhe.de/ontology/NFDI_0000102	ContactPoint 294	WrittenName 294	ContactPointRole 294
https://purls.helmholtz-metadaten.de/msekg/174533145731719	https://nfdi.fiz-karlsruhe.de/ontology/NFDI_0000102	ContactPoint 295	WrittenName 295	ContactPointRole 295
https://purls.helmholtz-metadaten.de/msekg/174533145731720	https://nfdi.fiz-karlsruhe.de/ontology/NFDI_0000102	ContactPoint 296	WrittenName 296	ContactPointRole 296
https://purls.helmholtz-metadaten.de/msekg/17454181209541	https://nfdi.fiz-karlsruhe.de/ontology/NFDI_0000102	ContactPoint 297	WrittenName 297	ContactPointRole 297
https://purls.helmholtz-metadaten.de/msekg/17454181209542	https://nfdi.fiz-karlsruhe.de/ontology/NFDI_0000102	ContactPoint 298	WrittenName 298	ContactPointRole 298
https://purls.helmholtz-metadaten.de/msekg/17454181209543	https://nfdi.fiz-karlsruhe.de/ontology/NFDI_0000102	ContactPoint 299	WrittenName 299	ContactPointRole 299
https://purls.helmholtz-metadaten.de/msekg/17454181209544	https://nfdi.fiz-karlsruhe.de/ontology/NFDI_0000102	ContactPoint 300	WrittenName 300	ContactPointRole 300
https://purls.helmholtz-metadaten.de/msekg/17454181209545	https://nfdi.fiz-karlsruhe.de/ontology/NFDI_0000102	ContactPoint 301	WrittenName 301	ContactPointRole 301
https://purls.helmholtz-metadaten.de/msekg/17454181209546	https://nfdi.fiz-karlsruhe.de/ontology/NFDI_0000102	ContactPoint 302	WrittenName 302	ContactPointRole 302
https://purls.helmholtz-metadaten.de/msekg/17454181209547	https://nfdi.fiz-karlsruhe.de/ontology/NFDI_0000102	ContactPoint 303	WrittenName 303	ContactPointRole 303
https://purls.helmholtz-metadaten.de/msekg/17454181209548	https://nfdi.fiz-karlsruhe.de/ontology/NFDI_0000102	ContactPoint 304	WrittenName 304	ContactPointRole 304
https://purls.helmholtz-metadaten.de/msekg/17454181209549	https://nfdi.fiz-karlsruhe.de/ontology/NFDI_0000102	ContactPoint 305	WrittenName 305	ContactPointRole 305
https://purls.helmholtz-metadaten.de/msekg/174541812095410	https://nfdi.fiz-karlsruhe.de/ontology/NFDI_0000102	ContactPoint 306	WrittenName 306	ContactPointRole 306
https://purls.helmholtz-metadaten.de/msekg/174541812095411	https://nfdi.fiz-karlsruhe.de/ontology/NFDI_0000102	ContactPoint 307	WrittenName 307	ContactPointRole 307
https://purls.helmholtz-metadaten.de/msekg/174541812095412	https://nfdi.fiz-karlsruhe.de/ontology/NFDI_0000102	ContactPoint 308	WrittenName 308	ContactPointRole 308
https://purls.helmholtz-metadaten.de/msekg/174541812095413	https://nfdi.fiz-karlsruhe.de/ontology/NFDI_0000102	ContactPoint 309	WrittenName 309	ContactPointRole 309
https://purls.helmholtz-metadaten.de/msekg/174541812095414	https://nfdi.fiz-karlsruhe.de/ontology/NFDI_0000102	ContactPoint 310	WrittenName 310	ContactPointRole 310
https://purls.helmholtz-metadaten.de/msekg/174541812095415	https://nfdi.fiz-karlsruhe.de/ontology/NFDI_0000102	ContactPoint 311	WrittenName 311	ContactPointRole 311
https://purls.helmholtz-metadaten.de/msekg/174541812095416	https://nfdi.fiz-karlsruhe.de/ontology/NFDI_0000102	ContactPoint 312	WrittenName 312	ContactPointRole 312
https://purls.helmholtz-metadaten.de/msekg/174541812095417	https://nfdi.fiz-karlsruhe.de/ontology/NFDI_0000102	ContactPoint 313	WrittenName 313	ContactPointRole 313
https://purls.helmholtz-metadaten.de/msekg/174541812095418	https://nfdi.fiz-karlsruhe.de/ontology/NFDI_0000102	ContactPoint 314	WrittenName 314	ContactPointRole 314
https://purls.helmholtz-metadaten.de/msekg/174541812095419	https://nfdi.fiz-karlsruhe.de/ontology/NFDI_0000102	ContactPoint 315	WrittenName 315	ContactPointRole 315
https://purls.helmholtz-metadaten.de/msekg/174541812095420	https://nfdi.fiz-karlsruhe.de/ontology/NFDI_0000102	ContactPoint 316	WrittenName 316	ContactPointRole 316
https://purls.helmholtz-metadaten.de/msekg/17463573258441	https://nfdi.fiz-karlsruhe.de/ontology/NFDI_0000102	Publisher 1	WrittenName 317	PublisherRole 1
https://purls.helmholtz-metadaten.de/msekg/17463573258442	https://nfdi.fiz-karlsruhe.de/ontology/NFDI_0000102	Publisher 2	WrittenName 318	PublisherRole 2
https://purls.helmholtz-metadaten.de/msekg/17463573258443	https://nfdi.fiz-karlsruhe.de/ontology/NFDI_0000102	Publisher 3	WrittenName 319	PublisherRole 3
https://purls.helmholtz-metadaten.de/msekg/17463573258444	https://nfdi.fiz-karlsruhe.de/ontology/NFDI_0000102	Publisher 4	WrittenName 320	PublisherRole 4
https://purls.helmholtz-metadaten.de/msekg/17463573258445	https://nfdi.fiz-karlsruhe.de/ontology/NFDI_0000102	Publisher 5	WrittenName 321	PublisherRole 5
https://purls.helmholtz-metadaten.de/msekg/17463573258446	https://nfdi.fiz-karlsruhe.de/ontology/NFDI_0000102	Publisher 6	WrittenName 322	PublisherRole 6
https://purls.helmholtz-metadaten.de/msekg/17463573258447	https://nfdi.fiz-karlsruhe.de/ontology/NFDI_0000102	Publisher 7	WrittenName 323	PublisherRole 7
https://purls.helmholtz-metadaten.de/msekg/17463573258448	https://nfdi.fiz-karlsruhe.de/ontology/NFDI_0000102	Publisher 8	WrittenName 324	PublisherRole 8
https://purls.helmholtz-metadaten.de/msekg/17463573258449	https://nfdi.fiz-karlsruhe.de/ontology/NFDI_0000102	Publisher 9	WrittenName 325	PublisherRole 9
https://purls.helmholtz-metadaten.de/msekg/174635732584410	https://nfdi.fiz-karlsruhe.de/ontology/NFDI_0000102	Publisher 10	WrittenName 326	PublisherRole 10
https://purls.helmholtz-metadaten.de/msekg/174635732584411	https://nfdi.fiz-karlsruhe.de/ontology/NFDI_0000102	Publisher 11	WrittenName 327	PublisherRole 11
https://purls.helmholtz-metadaten.de/msekg/174635732584412	https://nfdi.fiz-karlsruhe.de/ontology/NFDI_0000102	Publisher 12	WrittenName 328	PublisherRole 12
https://purls.helmholtz-metadaten.de/msekg/174635732584413	https://nfdi.fiz-karlsruhe.de/ontology/NFDI_0000102	Publisher 13	WrittenName 329	PublisherRole 13
https://purls.helmholtz-metadaten.de/msekg/174635732584414	https://nfdi.fiz-karlsruhe.de/ontology/NFDI_0000102	Publisher 14	WrittenName 330	PublisherRole 14
https://purls.helmholtz-metadaten.de/msekg/174635732584415	https://nfdi.fiz-karlsruhe.de/ontology/NFDI_0000102	Publisher 15	WrittenName 331	PublisherRole 15
https://purls.helmholtz-metadaten.de/msekg/174635732584416	https://nfdi.fiz-karlsruhe.de/ontology/NFDI_0000102	Publisher 16	WrittenName 332	PublisherRole 16
https://purls.helmholtz-metadaten.de/msekg/174635732584417	https://nfdi.fiz-karlsruhe.de/ontology/NFDI_0000102	Publisher 17	WrittenName 333	PublisherRole 17
https://purls.helmholtz-metadaten.de/msekg/174635732584418	https://nfdi.fiz-karlsruhe.de/ontology/NFDI_0000102	Publisher 18	WrittenName 334	PublisherRole 18
https://purls.helmholtz-metadaten.de/msekg/174635732584419	https://nfdi.fiz-karlsruhe.de/ontology/NFDI_0000102	Publisher 19	WrittenName 335	PublisherRole 19
https://purls.helmholtz-metadaten.de/msekg/174635732584420	https://nfdi.fiz-karlsruhe.de/ontology/NFDI_0000102	Publisher 20	WrittenName 336	PublisherRole 20
https://purls.helmholtz-metadaten.de/msekg/174635732584421	https://nfdi.fiz-karlsruhe.de/ontology/NFDI_0000102	Publisher 21	WrittenName 337	PublisherRole 21
https://purls.helmholtz-metadaten.de/msekg/174635732584422	https://nfdi.fiz-karlsruhe.de/ontology/NFDI_0000102	Publisher 22	WrittenName 338	PublisherRole 22
https://purls.helmholtz-metadaten.de/msekg/174635732584423	https://nfdi.fiz-karlsruhe.de/ontology/NFDI_0000102	Publisher 23	WrittenName 339	PublisherRole 23
https://purls.helmholtz-metadaten.de/msekg/174635732584424	https://nfdi.fiz-karlsruhe.de/ontology/NFDI_0000102	Publisher 24	WrittenName 340	PublisherRole 24
https://purls.helmholtz-metadaten.de/msekg/174635732584425	https://nfdi.fiz-karlsruhe.de/ontology/NFDI_0000102	Publisher 25	WrittenName 341	PublisherRole 25
https://purls.helmholtz-metadaten.de/msekg/174635732584426	https://nfdi.fiz-karlsruhe.de/ontology/NFDI_0000102	Publisher 26	WrittenName 342	PublisherRole 26
https://purls.helmholtz-metadaten.de/msekg/174635732584427	https://nfdi.fiz-karlsruhe.de/ontology/NFDI_0000102	Publisher 27	WrittenName 343	PublisherRole 27
https://purls.helmholtz-metadaten.de/msekg/174635732584428	https://nfdi.fiz-karlsruhe.de/ontology/NFDI_0000102	Publisher 28	WrittenName 344	PublisherRole 28
https://purls.helmholtz-metadaten.de/msekg/174635732584429	https://nfdi.fiz-karlsruhe.de/ontology/NFDI_0000102	Publisher 29	WrittenName 345	PublisherRole 29
https://purls.helmholtz-metadaten.de/msekg/174635732584430	https://nfdi.fiz-karlsruhe.de/ontology/NFDI_0000102	Publisher 30	WrittenName 346	PublisherRole 30
https://purls.helmholtz-metadaten.de/msekg/174635732584431	https://nfdi.fiz-karlsruhe.de/ontology/NFDI_0000102	Publisher 31	WrittenName 347	PublisherRole 31
https://purls.helmholtz-metadaten.de/msekg/174635732584432	https://nfdi.fiz-karlsruhe.de/ontology/NFDI_0000102	Publisher 32	WrittenName 348	PublisherRole 32
https://purls.helmholtz-metadaten.de/msekg/174635732584433	https://nfdi.fiz-karlsruhe.de/ontology/NFDI_0000102	Publisher 33	WrittenName 349	PublisherRole 33
https://purls.helmholtz-metadaten.de/msekg/174635732584434	https://nfdi.fiz-karlsruhe.de/ontology/NFDI_0000102	Publisher 34	WrittenName 350	PublisherRole 34
https://purls.helmholtz-metadaten.de/msekg/174635732584435	https://nfdi.fiz-karlsruhe.de/ontology/NFDI_0000102	Publisher 35	WrittenName 351	PublisherRole 35
https://purls.helmholtz-metadaten.de/msekg/174635732584436	https://nfdi.fiz-karlsruhe.de/ontology/NFDI_0000102	Publisher 36	WrittenName 352	PublisherRole 36
https://purls.helmholtz-metadaten.de/msekg/174635732584437	https://nfdi.fiz-karlsruhe.de/ontology/NFDI_0000102	Publisher 37	WrittenName 353	PublisherRole 37
https://purls.helmholtz-metadaten.de/msekg/174635732584438	https://nfdi.fiz-karlsruhe.de/ontology/NFDI_0000102	Publisher 38	WrittenName 354	PublisherRole 38
https://purls.helmholtz-metadaten.de/msekg/174635732584439	https://nfdi.fiz-karlsruhe.de/ontology/NFDI_0000102	Publisher 39	WrittenName 355	PublisherRole 39
https://purls.helmholtz-metadaten.de/msekg/174635732584440	https://nfdi.fiz-karlsruhe.de/ontology/NFDI_0000102	Publisher 40	WrittenName 356	PublisherRole 40
https://purls.helmholtz-metadaten.de/msekg/174635732584441	https://nfdi.fiz-karlsruhe.de/ontology/NFDI_0000102	Publisher 41	WrittenName 357	PublisherRole 41
https://purls.helmholtz-metadaten.de/msekg/174635732584442	https://nfdi.fiz-karlsruhe.de/ontology/NFDI_0000102	Publisher 42	WrittenName 358	PublisherRole 42
https://purls.helmholtz-metadaten.de/msekg/174635732584443	https://nfdi.fiz-karlsruhe.de/ontology/NFDI_0000102	Publisher 43	WrittenName 359	PublisherRole 43
https://purls.helmholtz-metadaten.de/msekg/174635732584444	https://nfdi.fiz-karlsruhe.de/ontology/NFDI_0000102	Publisher 44	WrittenName 360	PublisherRole 44
https://purls.helmholtz-metadaten.de/msekg/174635732584445	https://nfdi.fiz-karlsruhe.de/ontology/NFDI_0000102	Publisher 45	WrittenName 361	PublisherRole 45
https://purls.helmholtz-metadaten.de/msekg/174635732584446	https://nfdi.fiz-karlsruhe.de/ontology/NFDI_0000102	Publisher 46	WrittenName 362	PublisherRole 46
https://purls.helmholtz-metadaten.de/msekg/174635732584447	https://nfdi.fiz-karlsruhe.de/ontology/NFDI_0000102	Publisher 47	WrittenName 363	PublisherRole 47
https://purls.helmholtz-metadaten.de/msekg/174635732584448	https://nfdi.fiz-karlsruhe.de/ontology/NFDI_0000102	Publisher 48	WrittenName 364	PublisherRole 48
https://purls.helmholtz-metadaten.de/msekg/174635732584449	https://nfdi.fiz-karlsruhe.de/ontology/NFDI_0000102	Publisher 49	WrittenName 365	PublisherRole 49
https://purls.helmholtz-metadaten.de/msekg/174635732584450	https://nfdi.fiz-karlsruhe.de/ontology/NFDI_0000102	Publisher 50	WrittenName 366	PublisherRole 50
https://purls.helmholtz-metadaten.de/msekg/174635732584451	https://nfdi.fiz-karlsruhe.de/ontology/NFDI_0000102	Publisher 51	WrittenName 367	PublisherRole 51
https://purls.helmholtz-metadaten.de/msekg/174635732584452	https://nfdi.fiz-karlsruhe.de/ontology/NFDI_0000102	Publisher 52	WrittenName 368	PublisherRole 52
https://purls.helmholtz-metadaten.de/msekg/174635732584453	https://nfdi.fiz-karlsruhe.de/ontology/NFDI_0000102	Publisher 53	WrittenName 369	PublisherRole 53
https://purls.helmholtz-metadaten.de/msekg/174635732584454	https://nfdi.fiz-karlsruhe.de/ontology/NFDI_0000102	Publisher 54	WrittenName 370	PublisherRole 54
https://purls.helmholtz-metadaten.de/msekg/174635732584455	https://nfdi.fiz-karlsruhe.de/ontology/NFDI_0000102	Publisher 55	WrittenName 371	PublisherRole 55
https://purls.helmholtz-metadaten.de/msekg/174635732584456	https://nfdi.fiz-karlsruhe.de/ontology/NFDI_0000102	Publisher 56	WrittenName 372	PublisherRole 56
https://purls.helmholtz-metadaten.de/msekg/174635732584457	https://nfdi.fiz-karlsruhe.de/ontology/NFDI_0000102	Publisher 57	WrittenName 373	PublisherRole 57
https://purls.helmholtz-metadaten.de/msekg/174635732584458	https://nfdi.fiz-karlsruhe.de/ontology/NFDI_0000102	Publisher 58	WrittenName 374	PublisherRole 58
https://purls.helmholtz-metadaten.de/msekg/174635732584459	https://nfdi.fiz-karlsruhe.de/ontology/NFDI_0000102	Publisher 59	WrittenName 375	PublisherRole 59
https://purls.helmholtz-metadaten.de/msekg/174635732584460	https://nfdi.fiz-karlsruhe.de/ontology/NFDI_0000102	Publisher 60	WrittenName 376	PublisherRole 60
https://purls.helmholtz-metadaten.de/msekg/174635732584461	https://nfdi.fiz-karlsruhe.de/ontology/NFDI_0000102	Publisher 61	WrittenName 377	PublisherRole 61
https://purls.helmholtz-metadaten.de/msekg/174635732584462	https://nfdi.fiz-karlsruhe.de/ontology/NFDI_0000102	Publisher 62	WrittenName 378	PublisherRole 62
https://purls.helmholtz-metadaten.de/msekg/174635732584463	https://nfdi.fiz-karlsruhe.de/ontology/NFDI_0000102	Publisher 63	WrittenName 379	PublisherRole 63
https://purls.helmholtz-metadaten.de/msekg/174635732584464	https://nfdi.fiz-karlsruhe.de/ontology/NFDI_0000102	Publisher 64	WrittenName 380	PublisherRole 64
https://purls.helmholtz-metadaten.de/msekg/174635732584465	https://nfdi.fiz-karlsruhe.de/ontology/NFDI_0000102	Publisher 65	WrittenName 381	PublisherRole 65
https://purls.helmholtz-metadaten.de/msekg/174635732584466	https://nfdi.fiz-karlsruhe.de/ontology/NFDI_0000102	Publisher 66	WrittenName 382	PublisherRole 66
https://purls.helmholtz-metadaten.de/msekg/174635732584467	https://nfdi.fiz-karlsruhe.de/ontology/NFDI_0000102	Publisher 67	WrittenName 383	PublisherRole 67
https://purls.helmholtz-metadaten.de/msekg/174635732584468	https://nfdi.fiz-karlsruhe.de/ontology/NFDI_0000102	Publisher 68	WrittenName 384	PublisherRole 68
https://purls.helmholtz-metadaten.de/msekg/174635732584469	https://nfdi.fiz-karlsruhe.de/ontology/NFDI_0000102	Publisher 69	WrittenName 385	PublisherRole 69
https://purls.helmholtz-metadaten.de/msekg/174635732584470	https://nfdi.fiz-karlsruhe.de/ontology/NFDI_0000102	Publisher 70	WrittenName 386	PublisherRole 70
https://purls.helmholtz-metadaten.de/msekg/174635732584471	https://nfdi.fiz-karlsruhe.de/ontology/NFDI_0000102	Publisher 71	WrittenName 387	PublisherRole 71
https://purls.helmholtz-metadaten.de/msekg/174635732584472	https://nfdi.fiz-karlsruhe.de/ontology/NFDI_0000102	Publisher 72	WrittenName 388	PublisherRole 72
https://purls.helmholtz-metadaten.de/msekg/174635732584473	https://nfdi.fiz-karlsruhe.de/ontology/NFDI_0000102	Publisher 73	WrittenName 389	PublisherRole 73
https://purls.helmholtz-metadaten.de/msekg/174635732584474	https://nfdi.fiz-karlsruhe.de/ontology/NFDI_0000102	Publisher 74	WrittenName 390	PublisherRole 74
https://purls.helmholtz-metadaten.de/msekg/174635732584475	https://nfdi.fiz-karlsruhe.de/ontology/NFDI_0000102	Publisher 75	WrittenName 391	PublisherRole 75
https://purls.helmholtz-metadaten.de/msekg/174635732584476	https://nfdi.fiz-karlsruhe.de/ontology/NFDI_0000102	Publisher 76	WrittenName 392	PublisherRole 76
https://purls.helmholtz-metadaten.de/msekg/174635732584477	https://nfdi.fiz-karlsruhe.de/ontology/NFDI_0000102	Publisher 77	WrittenName 393	PublisherRole 77
https://purls.helmholtz-metadaten.de/msekg/174635732584478	https://nfdi.fiz-karlsruhe.de/ontology/NFDI_0000102	Publisher 78	WrittenName 394	PublisherRole 78
https://purls.helmholtz-metadaten.de/msekg/174635732584479	https://nfdi.fiz-karlsruhe.de/ontology/NFDI_0000102	Publisher 79	WrittenName 395	PublisherRole 79
https://purls.helmholtz-metadaten.de/msekg/174635732584480	https://nfdi.fiz-karlsruhe.de/ontology/NFDI_0000102	Publisher 80	WrittenName 396	PublisherRole 80
https://purls.helmholtz-metadaten.de/msekg/174635732584481	https://nfdi.fiz-karlsruhe.de/ontology/NFDI_0000102	Publisher 81	WrittenName 397	PublisherRole 81
https://purls.helmholtz-metadaten.de/msekg/174635732584482	https://nfdi.fiz-karlsruhe.de/ontology/NFDI_0000102	Publisher 82	WrittenName 398	PublisherRole 82
https://purls.helmholtz-metadaten.de/msekg/174635732584483	https://nfdi.fiz-karlsruhe.de/ontology/NFDI_0000102	Publisher 83	WrittenName 399	PublisherRole 83
https://purls.helmholtz-metadaten.de/msekg/174635732584484	https://nfdi.fiz-karlsruhe.de/ontology/NFDI_0000102	Publisher 84	WrittenName 400	PublisherRole 84
https://purls.helmholtz-metadaten.de/msekg/174635732584485	https://nfdi.fiz-karlsruhe.de/ontology/NFDI_0000102	Publisher 85	WrittenName 401	PublisherRole 85
https://purls.helmholtz-metadaten.de/msekg/174635732584486	https://nfdi.fiz-karlsruhe.de/ontology/NFDI_0000102	Publisher 86	WrittenName 402	PublisherRole 86
https://purls.helmholtz-metadaten.de/msekg/174635732584487	https://nfdi.fiz-karlsruhe.de/ontology/NFDI_0000102	Publisher 87	WrittenName 403	PublisherRole 87
https://purls.helmholtz-metadaten.de/msekg/174635732584488	https://nfdi.fiz-karlsruhe.de/ontology/NFDI_0000102	Publisher 88	WrittenName 404	PublisherRole 88
https://purls.helmholtz-metadaten.de/msekg/174635732584490	https://nfdi.fiz-karlsruhe.de/ontology/NFDI_0000102	Publisher 90	WrittenName 406	PublisherRole 90
https://purls.helmholtz-metadaten.de/msekg/174635732584491	https://nfdi.fiz-karlsruhe.de/ontology/NFDI_0000102	Publisher 91	WrittenName 407	PublisherRole 91
https://purls.helmholtz-metadaten.de/msekg/174635732584492	https://nfdi.fiz-karlsruhe.de/ontology/NFDI_0000102	Publisher 92	WrittenName 408	PublisherRole 92
https://purls.helmholtz-metadaten.de/msekg/174635732584493	https://nfdi.fiz-karlsruhe.de/ontology/NFDI_0000102	Publisher 93	WrittenName 409	PublisherRole 93
https://purls.helmholtz-metadaten.de/msekg/174635732584494	https://nfdi.fiz-karlsruhe.de/ontology/NFDI_0000102	Publisher 94	WrittenName 410	PublisherRole 94
https://purls.helmholtz-metadaten.de/msekg/174635732584495	https://nfdi.fiz-karlsruhe.de/ontology/NFDI_0000102	Publisher 95	WrittenName 411	PublisherRole 95
https://purls.helmholtz-metadaten.de/msekg/174635732584496	https://nfdi.fiz-karlsruhe.de/ontology/NFDI_0000102	Publisher 96	WrittenName 412	PublisherRole 96
https://purls.helmholtz-metadaten.de/msekg/174635732584497	https://nfdi.fiz-karlsruhe.de/ontology/NFDI_0000102	Publisher 97	WrittenName 413	PublisherRole 97
https://purls.helmholtz-metadaten.de/msekg/174635732584498	https://nfdi.fiz-karlsruhe.de/ontology/NFDI_0000102	Publisher 98	WrittenName 414	PublisherRole 98
https://purls.helmholtz-metadaten.de/msekg/174635732584499	https://nfdi.fiz-karlsruhe.de/ontology/NFDI_0000102	Publisher 99	WrittenName 415	PublisherRole 99
https://purls.helmholtz-metadaten.de/msekg/1746357325844100	https://nfdi.fiz-karlsruhe.de/ontology/NFDI_0000102	Publisher 100	WrittenName 416	PublisherRole 100
https://purls.helmholtz-metadaten.de/msekg/1746357325844101	https://nfdi.fiz-karlsruhe.de/ontology/NFDI_0000102	Publisher 101	WrittenName 417	PublisherRole 101
https://purls.helmholtz-metadaten.de/msekg/1746357325844102	https://nfdi.fiz-karlsruhe.de/ontology/NFDI_0000102	Publisher 102	WrittenName 418	PublisherRole 102
https://purls.helmholtz-metadaten.de/msekg/1746357325844103	https://nfdi.fiz-karlsruhe.de/ontology/NFDI_0000102	Publisher 103	WrittenName 419	PublisherRole 103
https://purls.helmholtz-metadaten.de/msekg/1746357325844104	https://nfdi.fiz-karlsruhe.de/ontology/NFDI_0000102	Publisher 104	WrittenName 420	PublisherRole 104
https://purls.helmholtz-metadaten.de/msekg/1746357325844105	https://nfdi.fiz-karlsruhe.de/ontology/NFDI_0000102	Publisher 105	WrittenName 421	PublisherRole 105
https://purls.helmholtz-metadaten.de/msekg/1746357325844106	https://nfdi.fiz-karlsruhe.de/ontology/NFDI_0000102	Publisher 106	WrittenName 422	PublisherRole 106
https://purls.helmholtz-metadaten.de/msekg/1746357325844107	https://nfdi.fiz-karlsruhe.de/ontology/NFDI_0000102	Publisher 107	WrittenName 423	PublisherRole 107
https://purls.helmholtz-metadaten.de/msekg/1746357325844108	https://nfdi.fiz-karlsruhe.de/ontology/NFDI_0000102	Publisher 108	WrittenName 424	PublisherRole 108
https://purls.helmholtz-metadaten.de/msekg/1746357325844109	https://nfdi.fiz-karlsruhe.de/ontology/NFDI_0000102	Publisher 109	WrittenName 425	PublisherRole 109
https://purls.helmholtz-metadaten.de/msekg/1746357325844110	https://nfdi.fiz-karlsruhe.de/ontology/NFDI_0000102	Publisher 110	WrittenName 426	PublisherRole 110
https://purls.helmholtz-metadaten.de/msekg/1746357325844111	https://nfdi.fiz-karlsruhe.de/ontology/NFDI_0000102	Publisher 111	WrittenName 427	PublisherRole 111
https://purls.helmholtz-metadaten.de/msekg/1746357325844112	https://nfdi.fiz-karlsruhe.de/ontology/NFDI_0000102	Publisher 112	WrittenName 428	PublisherRole 112
https://purls.helmholtz-metadaten.de/msekg/1746357325844113	https://nfdi.fiz-karlsruhe.de/ontology/NFDI_0000102	Publisher 113	WrittenName 429	PublisherRole 113
https://purls.helmholtz-metadaten.de/msekg/1746357325844114	https://nfdi.fiz-karlsruhe.de/ontology/NFDI_0000102	Publisher 114	WrittenName 430	PublisherRole 114
https://purls.helmholtz-metadaten.de/msekg/1746357325844115	https://nfdi.fiz-karlsruhe.de/ontology/NFDI_0000102	Publisher 115	WrittenName 431	PublisherRole 115
https://purls.helmholtz-metadaten.de/msekg/1746357325844116	https://nfdi.fiz-karlsruhe.de/ontology/NFDI_0000102	Publisher 116	WrittenName 432	PublisherRole 116
https://purls.helmholtz-metadaten.de/msekg/1746357325844117	https://nfdi.fiz-karlsruhe.de/ontology/NFDI_0000102	Publisher 117	WrittenName 433	PublisherRole 117
https://purls.helmholtz-metadaten.de/msekg/1746357325844118	https://nfdi.fiz-karlsruhe.de/ontology/NFDI_0000102	Publisher 118	WrittenName 434	PublisherRole 118
https://purls.helmholtz-metadaten.de/msekg/1746357325844119	https://nfdi.fiz-karlsruhe.de/ontology/NFDI_0000102	Publisher 119	WrittenName 435	PublisherRole 119
https://purls.helmholtz-metadaten.de/msekg/1746357325844120	https://nfdi.fiz-karlsruhe.de/ontology/NFDI_0000102	Publisher 120	WrittenName 436	PublisherRole 120
https://purls.helmholtz-metadaten.de/msekg/1746357325844121	https://nfdi.fiz-karlsruhe.de/ontology/NFDI_0000102	Publisher 121	WrittenName 437	PublisherRole 121
https://purls.helmholtz-metadaten.de/msekg/1746357325844122	https://nfdi.fiz-karlsruhe.de/ontology/NFDI_0000102	Publisher 122	WrittenName 438	PublisherRole 122
https://purls.helmholtz-metadaten.de/msekg/1746357325844123	https://nfdi.fiz-karlsruhe.de/ontology/NFDI_0000102	Publisher 123	WrittenName 439	PublisherRole 123
https://purls.helmholtz-metadaten.de/msekg/1746357325844124	https://nfdi.fiz-karlsruhe.de/ontology/NFDI_0000102	Publisher 124	WrittenName 440	PublisherRole 124
https://purls.helmholtz-metadaten.de/msekg/1746357325844125	https://nfdi.fiz-karlsruhe.de/ontology/NFDI_0000102	Publisher 125	WrittenName 441	PublisherRole 125
https://purls.helmholtz-metadaten.de/msekg/1746357325844126	https://nfdi.fiz-karlsruhe.de/ontology/NFDI_0000102	Publisher 126	WrittenName 442	PublisherRole 126
https://purls.helmholtz-metadaten.de/msekg/1746357325844127	https://nfdi.fiz-karlsruhe.de/ontology/NFDI_0000102	Publisher 127	WrittenName 443	PublisherRole 127
https://purls.helmholtz-metadaten.de/msekg/1746357325844128	https://nfdi.fiz-karlsruhe.de/ontology/NFDI_0000102	Publisher 128	WrittenName 444	PublisherRole 128
https://purls.helmholtz-metadaten.de/msekg/1746357325844129	https://nfdi.fiz-karlsruhe.de/ontology/NFDI_0000102	Publisher 129	WrittenName 445	PublisherRole 129
https://purls.helmholtz-metadaten.de/msekg/1746357325844130	https://nfdi.fiz-karlsruhe.de/ontology/NFDI_0000102	Publisher 130	WrittenName 446	PublisherRole 130
https://purls.helmholtz-metadaten.de/msekg/1746357325844131	https://nfdi.fiz-karlsruhe.de/ontology/NFDI_0000102	Publisher 131	WrittenName 447	PublisherRole 131
https://purls.helmholtz-metadaten.de/msekg/1746357325844132	https://nfdi.fiz-karlsruhe.de/ontology/NFDI_0000102	Publisher 132	WrittenName 448	PublisherRole 132
https://purls.helmholtz-metadaten.de/msekg/1746357325844133	https://nfdi.fiz-karlsruhe.de/ontology/NFDI_0000102	Publisher 133	WrittenName 449	PublisherRole 133
https://purls.helmholtz-metadaten.de/msekg/1746357325844134	https://nfdi.fiz-karlsruhe.de/ontology/NFDI_0000102	Publisher 134	WrittenName 450	PublisherRole 134
https://purls.helmholtz-metadaten.de/msekg/1746357325844135	https://nfdi.fiz-karlsruhe.de/ontology/NFDI_0000102	Publisher 135	WrittenName 451	PublisherRole 135
https://purls.helmholtz-metadaten.de/msekg/1746357325844136	https://nfdi.fiz-karlsruhe.de/ontology/NFDI_0000102	Publisher 136	WrittenName 452	PublisherRole 136
https://purls.helmholtz-metadaten.de/msekg/1746357325844137	https://nfdi.fiz-karlsruhe.de/ontology/NFDI_0000102	Publisher 137	WrittenName 453	PublisherRole 137
https://purls.helmholtz-metadaten.de/msekg/1746357325844138	https://nfdi.fiz-karlsruhe.de/ontology/NFDI_0000102	Publisher 138	WrittenName 454	PublisherRole 138
https://purls.helmholtz-metadaten.de/msekg/1746357325844139	https://nfdi.fiz-karlsruhe.de/ontology/NFDI_0000102	Publisher 139	WrittenName 455	PublisherRole 139
https://purls.helmholtz-metadaten.de/msekg/1746357325844140	https://nfdi.fiz-karlsruhe.de/ontology/NFDI_0000102	Publisher 140	WrittenName 456	PublisherRole 140
https://purls.helmholtz-metadaten.de/msekg/1746357325844141	https://nfdi.fiz-karlsruhe.de/ontology/NFDI_0000102	Publisher 141	WrittenName 457	PublisherRole 141
https://purls.helmholtz-metadaten.de/msekg/1746357325844142	https://nfdi.fiz-karlsruhe.de/ontology/NFDI_0000102	Publisher 142	WrittenName 458	PublisherRole 142
https://purls.helmholtz-metadaten.de/msekg/1746357325844143	https://nfdi.fiz-karlsruhe.de/ontology/NFDI_0000102	Publisher 143	WrittenName 459	PublisherRole 143
https://purls.helmholtz-metadaten.de/msekg/1746357325844144	https://nfdi.fiz-karlsruhe.de/ontology/NFDI_0000102	Publisher 144	WrittenName 460	PublisherRole 144
https://purls.helmholtz-metadaten.de/msekg/1746357325844145	https://nfdi.fiz-karlsruhe.de/ontology/NFDI_0000102	Publisher 145	WrittenName 461	PublisherRole 145
https://purls.helmholtz-metadaten.de/msekg/1746357325844146	https://nfdi.fiz-karlsruhe.de/ontology/NFDI_0000102	Publisher 146	WrittenName 462	PublisherRole 146
https://purls.helmholtz-metadaten.de/msekg/1746357325844147	https://nfdi.fiz-karlsruhe.de/ontology/NFDI_0000102	Publisher 147	WrittenName 463	PublisherRole 147
https://purls.helmholtz-metadaten.de/msekg/1746357325844148	https://nfdi.fiz-karlsruhe.de/ontology/NFDI_0000102	Publisher 148	WrittenName 464	PublisherRole 148
https://purls.helmholtz-metadaten.de/msekg/1746357325844149	https://nfdi.fiz-karlsruhe.de/ontology/NFDI_0000102	Publisher 149	WrittenName 465	PublisherRole 149
https://purls.helmholtz-metadaten.de/msekg/1746357325844150	https://nfdi.fiz-karlsruhe.de/ontology/NFDI_0000102	Publisher 150	WrittenName 466	PublisherRole 150
https://purls.helmholtz-metadaten.de/msekg/1746357325844151	https://nfdi.fiz-karlsruhe.de/ontology/NFDI_0000102	Publisher 151	WrittenName 467	PublisherRole 151
https://purls.helmholtz-metadaten.de/msekg/1746357325844152	https://nfdi.fiz-karlsruhe.de/ontology/NFDI_0000102	Publisher 152	WrittenName 468	PublisherRole 152
https://purls.helmholtz-metadaten.de/msekg/1746357325844153	https://nfdi.fiz-karlsruhe.de/ontology/NFDI_0000102	Publisher 153	WrittenName 469	PublisherRole 153
https://purls.helmholtz-metadaten.de/msekg/1746357325844154	https://nfdi.fiz-karlsruhe.de/ontology/NFDI_0000102	Publisher 154	WrittenName 470	PublisherRole 154
https://purls.helmholtz-metadaten.de/msekg/1746357325844155	https://nfdi.fiz-karlsruhe.de/ontology/NFDI_0000102	Publisher 155	WrittenName 471	PublisherRole 155
https://purls.helmholtz-metadaten.de/msekg/1746357325844156	https://nfdi.fiz-karlsruhe.de/ontology/NFDI_0000102	Publisher 156	WrittenName 472	PublisherRole 156
https://purls.helmholtz-metadaten.de/msekg/1746357325844157	https://nfdi.fiz-karlsruhe.de/ontology/NFDI_0000102	Publisher 157	WrittenName 473	PublisherRole 157
https://purls.helmholtz-metadaten.de/msekg/1746357325844158	https://nfdi.fiz-karlsruhe.de/ontology/NFDI_0000102	Publisher 158	WrittenName 474	PublisherRole 158
https://purls.helmholtz-metadaten.de/msekg/1746357325844159	https://nfdi.fiz-karlsruhe.de/ontology/NFDI_0000102	Publisher 159	WrittenName 475	PublisherRole 159
https://purls.helmholtz-metadaten.de/msekg/1746357325844160	https://nfdi.fiz-karlsruhe.de/ontology/NFDI_0000102	Publisher 160	WrittenName 476	PublisherRole 160
https://purls.helmholtz-metadaten.de/msekg/1746357325844161	https://nfdi.fiz-karlsruhe.de/ontology/NFDI_0000102	Publisher 161	WrittenName 477	PublisherRole 161
https://purls.helmholtz-metadaten.de/msekg/1746357325844162	https://nfdi.fiz-karlsruhe.de/ontology/NFDI_0000102	Publisher 162	WrittenName 478	PublisherRole 162
https://purls.helmholtz-metadaten.de/msekg/1746357325844163	https://nfdi.fiz-karlsruhe.de/ontology/NFDI_0000102	Publisher 163	WrittenName 479	PublisherRole 163
https://purls.helmholtz-metadaten.de/msekg/1746357325844164	https://nfdi.fiz-karlsruhe.de/ontology/NFDI_0000102	Publisher 164	WrittenName 480	PublisherRole 164
https://purls.helmholtz-metadaten.de/msekg/1746357325844165	https://nfdi.fiz-karlsruhe.de/ontology/NFDI_0000102	Publisher 165	WrittenName 481	PublisherRole 165
https://purls.helmholtz-metadaten.de/msekg/1746357325844166	https://nfdi.fiz-karlsruhe.de/ontology/NFDI_0000102	Publisher 166	WrittenName 482	PublisherRole 166
https://purls.helmholtz-metadaten.de/msekg/1746357325844167	https://nfdi.fiz-karlsruhe.de/ontology/NFDI_0000102	Publisher 167	WrittenName 483	PublisherRole 167
https://purls.helmholtz-metadaten.de/msekg/1746357325844168	https://nfdi.fiz-karlsruhe.de/ontology/NFDI_0000102	Publisher 168	WrittenName 484	PublisherRole 168
https://purls.helmholtz-metadaten.de/msekg/1746357325844169	https://nfdi.fiz-karlsruhe.de/ontology/NFDI_0000102	Publisher 169	WrittenName 485	PublisherRole 169
https://purls.helmholtz-metadaten.de/msekg/1746357325844170	https://nfdi.fiz-karlsruhe.de/ontology/NFDI_0000102	Publisher 170	WrittenName 486	PublisherRole 170
https://purls.helmholtz-metadaten.de/msekg/1746357325844171	https://nfdi.fiz-karlsruhe.de/ontology/NFDI_0000102	Publisher 171	WrittenName 487	PublisherRole 171
https://purls.helmholtz-metadaten.de/msekg/1746357325844172	https://nfdi.fiz-karlsruhe.de/ontology/NFDI_0000102	Publisher 172	WrittenName 488	PublisherRole 172
https://purls.helmholtz-metadaten.de/msekg/1746357325844173	https://nfdi.fiz-karlsruhe.de/ontology/NFDI_0000102	Publisher 173	WrittenName 489	PublisherRole 173
https://purls.helmholtz-metadaten.de/msekg/1746357325844174	https://nfdi.fiz-karlsruhe.de/ontology/NFDI_0000102	Publisher 174	WrittenName 490	PublisherRole 174
https://purls.helmholtz-metadaten.de/msekg/1746357325844175	https://nfdi.fiz-karlsruhe.de/ontology/NFDI_0000102	Publisher 175	WrittenName 491	PublisherRole 175
https://purls.helmholtz-metadaten.de/msekg/1746357325844176	https://nfdi.fiz-karlsruhe.de/ontology/NFDI_0000102	Publisher 176	WrittenName 492	PublisherRole 176
https://purls.helmholtz-metadaten.de/msekg/1746357325844177	https://nfdi.fiz-karlsruhe.de/ontology/NFDI_0000102	Publisher 177	WrittenName 493	PublisherRole 177
https://purls.helmholtz-metadaten.de/msekg/1746357325844178	https://nfdi.fiz-karlsruhe.de/ontology/NFDI_0000102	Publisher 178	WrittenName 494	PublisherRole 178
https://purls.helmholtz-metadaten.de/msekg/1746357325844179	https://nfdi.fiz-karlsruhe.de/ontology/NFDI_0000102	Publisher 179	WrittenName 495	PublisherRole 179
https://purls.helmholtz-metadaten.de/msekg/1746357325844180	https://nfdi.fiz-karlsruhe.de/ontology/NFDI_0000102	Publisher 180	WrittenName 496	PublisherRole 180
https://purls.helmholtz-metadaten.de/msekg/1746357325844181	https://nfdi.fiz-karlsruhe.de/ontology/NFDI_0000102	Publisher 181	WrittenName 497	PublisherRole 181
https://purls.helmholtz-metadaten.de/msekg/1746357325844182	https://nfdi.fiz-karlsruhe.de/ontology/NFDI_0000102	Publisher 182	WrittenName 498	PublisherRole 182
https://purls.helmholtz-metadaten.de/msekg/1746357325844183	https://nfdi.fiz-karlsruhe.de/ontology/NFDI_0000102	Publisher 183	WrittenName 499	PublisherRole 183
https://purls.helmholtz-metadaten.de/msekg/1746357325844184	https://nfdi.fiz-karlsruhe.de/ontology/NFDI_0000102	Publisher 184	WrittenName 500	PublisherRole 184
https://purls.helmholtz-metadaten.de/msekg/1746357325844185	https://nfdi.fiz-karlsruhe.de/ontology/NFDI_0000102	Publisher 185	WrittenName 501	PublisherRole 185
https://purls.helmholtz-metadaten.de/msekg/1746357325844186	https://nfdi.fiz-karlsruhe.de/ontology/NFDI_0000102	Publisher 186	WrittenName 502	PublisherRole 186
https://purls.helmholtz-metadaten.de/msekg/1746357325844187	https://nfdi.fiz-karlsruhe.de/ontology/NFDI_0000102	Publisher 187	WrittenName 503	PublisherRole 187
https://purls.helmholtz-metadaten.de/msekg/1746357325844188	https://nfdi.fiz-karlsruhe.de/ontology/NFDI_0000102	Publisher 188	WrittenName 504	PublisherRole 188
https://purls.helmholtz-metadaten.de/msekg/1746357325844189	https://nfdi.fiz-karlsruhe.de/ontology/NFDI_0000102	Publisher 189	WrittenName 505	PublisherRole 189
https://purls.helmholtz-metadaten.de/msekg/1746357325844190	https://nfdi.fiz-karlsruhe.de/ontology/NFDI_0000102	Publisher 190	WrittenName 506	PublisherRole 190
https://purls.helmholtz-metadaten.de/msekg/1746357325844191	https://nfdi.fiz-karlsruhe.de/ontology/NFDI_0000102	Publisher 191	WrittenName 507	PublisherRole 191
https://purls.helmholtz-metadaten.de/msekg/1746357325844192	https://nfdi.fiz-karlsruhe.de/ontology/NFDI_0000102	Publisher 192	WrittenName 508	PublisherRole 192
https://purls.helmholtz-metadaten.de/msekg/1746357325844193	https://nfdi.fiz-karlsruhe.de/ontology/NFDI_0000102	Publisher 193	WrittenName 509	PublisherRole 193
https://purls.helmholtz-metadaten.de/msekg/1746357325844194	https://nfdi.fiz-karlsruhe.de/ontology/NFDI_0000102	Publisher 194	WrittenName 510	PublisherRole 194
https://purls.helmholtz-metadaten.de/msekg/1746357325844195	https://nfdi.fiz-karlsruhe.de/ontology/NFDI_0000102	Publisher 195	WrittenName 511	PublisherRole 195
https://purls.helmholtz-metadaten.de/msekg/1746357325844196	https://nfdi.fiz-karlsruhe.de/ontology/NFDI_0000102	Publisher 196	WrittenName 512	PublisherRole 196
https://purls.helmholtz-metadaten.de/msekg/1746357325844197	https://nfdi.fiz-karlsruhe.de/ontology/NFDI_0000102	Publisher 197	WrittenName 513	PublisherRole 197
https://purls.helmholtz-metadaten.de/msekg/1746357325844198	https://nfdi.fiz-karlsruhe.de/ontology/NFDI_0000102	Publisher 198	WrittenName 514	PublisherRole 198
https://purls.helmholtz-metadaten.de/msekg/1746357325844199	https://nfdi.fiz-karlsruhe.de/ontology/NFDI_0000102	Publisher 199	WrittenName 515	PublisherRole 199
https://purls.helmholtz-metadaten.de/msekg/1746357325844200	https://nfdi.fiz-karlsruhe.de/ontology/NFDI_0000102	Publisher 200	WrittenName 516	PublisherRole 200
https://purls.helmholtz-metadaten.de/msekg/1746357325844201	https://nfdi.fiz-karlsruhe.de/ontology/NFDI_0000102	Publisher 201	WrittenName 517	PublisherRole 201
https://purls.helmholtz-metadaten.de/msekg/1746357325844202	https://nfdi.fiz-karlsruhe.de/ontology/NFDI_0000102	Publisher 202	WrittenName 518	PublisherRole 202
https://purls.helmholtz-metadaten.de/msekg/1746357325844203	https://nfdi.fiz-karlsruhe.de/ontology/NFDI_0000102	Publisher 203	WrittenName 519	PublisherRole 203
https://purls.helmholtz-metadaten.de/msekg/1746357325844204	https://nfdi.fiz-karlsruhe.de/ontology/NFDI_0000102	Publisher 204	WrittenName 520	PublisherRole 204
https://purls.helmholtz-metadaten.de/msekg/1746357325844205	https://nfdi.fiz-karlsruhe.de/ontology/NFDI_0000102	Publisher 205	WrittenName 521	PublisherRole 205
https://purls.helmholtz-metadaten.de/msekg/1746357325844206	https://nfdi.fiz-karlsruhe.de/ontology/NFDI_0000102	Publisher 206	WrittenName 522	PublisherRole 206
https://purls.helmholtz-metadaten.de/msekg/1746357325844207	https://nfdi.fiz-karlsruhe.de/ontology/NFDI_0000102	Publisher 207	WrittenName 523	PublisherRole 207
https://purls.helmholtz-metadaten.de/msekg/1746357325844208	https://nfdi.fiz-karlsruhe.de/ontology/NFDI_0000102	Publisher 208	WrittenName 524	PublisherRole 208
https://purls.helmholtz-metadaten.de/msekg/1746357325844209	https://nfdi.fiz-karlsruhe.de/ontology/NFDI_0000102	Publisher 209	WrittenName 525	PublisherRole 209
https://purls.helmholtz-metadaten.de/msekg/1746357325844210	https://nfdi.fiz-karlsruhe.de/ontology/NFDI_0000102	Publisher 210	WrittenName 526	PublisherRole 210
https://purls.helmholtz-metadaten.de/msekg/1746357325844211	https://nfdi.fiz-karlsruhe.de/ontology/NFDI_0000102	Publisher 211	WrittenName 527	PublisherRole 211
https://purls.helmholtz-metadaten.de/msekg/1746357325844212	https://nfdi.fiz-karlsruhe.de/ontology/NFDI_0000102	Publisher 212	WrittenName 528	PublisherRole 212
https://purls.helmholtz-metadaten.de/msekg/1746357325844213	https://nfdi.fiz-karlsruhe.de/ontology/NFDI_0000102	Publisher 213	WrittenName 529	PublisherRole 213
https://purls.helmholtz-metadaten.de/msekg/1746357325844214	https://nfdi.fiz-karlsruhe.de/ontology/NFDI_0000102	Publisher 214	WrittenName 530	PublisherRole 214
https://purls.helmholtz-metadaten.de/msekg/1746357325844215	https://nfdi.fiz-karlsruhe.de/ontology/NFDI_0000102	Publisher 215	WrittenName 531	PublisherRole 215
https://purls.helmholtz-metadaten.de/msekg/1746357325844216	https://nfdi.fiz-karlsruhe.de/ontology/NFDI_0000102	Publisher 216	WrittenName 532	PublisherRole 216
https://purls.helmholtz-metadaten.de/msekg/1746357325844217	https://nfdi.fiz-karlsruhe.de/ontology/NFDI_0000102	Publisher 217	WrittenName 533	PublisherRole 217
https://purls.helmholtz-metadaten.de/msekg/1746357325844218	https://nfdi.fiz-karlsruhe.de/ontology/NFDI_0000102	Publisher 218	WrittenName 534	PublisherRole 218
https://purls.helmholtz-metadaten.de/msekg/1746357325844219	https://nfdi.fiz-karlsruhe.de/ontology/NFDI_0000102	Publisher 219	WrittenName 535	PublisherRole 219
https://purls.helmholtz-metadaten.de/msekg/1746357325844220	https://nfdi.fiz-karlsruhe.de/ontology/NFDI_0000102	Publisher 220	WrittenName 536	PublisherRole 220
https://purls.helmholtz-metadaten.de/msekg/1746357325844221	https://nfdi.fiz-karlsruhe.de/ontology/NFDI_0000102	Publisher 221	WrittenName 537	PublisherRole 221
https://purls.helmholtz-metadaten.de/msekg/1746357325844222	https://nfdi.fiz-karlsruhe.de/ontology/NFDI_0000102	Publisher 222	WrittenName 538	PublisherRole 222
https://purls.helmholtz-metadaten.de/msekg/1746357325844223	https://nfdi.fiz-karlsruhe.de/ontology/NFDI_0000102	Publisher 223	WrittenName 539	PublisherRole 223
https://purls.helmholtz-metadaten.de/msekg/1746357325844224	https://nfdi.fiz-karlsruhe.de/ontology/NFDI_0000102	Publisher 224	WrittenName 540	PublisherRole 224
https://purls.helmholtz-metadaten.de/msekg/1746357325844225	https://nfdi.fiz-karlsruhe.de/ontology/NFDI_0000102	Publisher 225	WrittenName 541	PublisherRole 225
https://purls.helmholtz-metadaten.de/msekg/1746357325844226	https://nfdi.fiz-karlsruhe.de/ontology/NFDI_0000102	Publisher 226	WrittenName 542	PublisherRole 226
https://purls.helmholtz-metadaten.de/msekg/1746357325844227	https://nfdi.fiz-karlsruhe.de/ontology/NFDI_0000102	Publisher 227	WrittenName 543	PublisherRole 227
https://purls.helmholtz-metadaten.de/msekg/1746357325844228	https://nfdi.fiz-karlsruhe.de/ontology/NFDI_0000102	Publisher 228	WrittenName 544	PublisherRole 228
https://purls.helmholtz-metadaten.de/msekg/1746357325844229	https://nfdi.fiz-karlsruhe.de/ontology/NFDI_0000102	Publisher 229	WrittenName 545	PublisherRole 229
https://purls.helmholtz-metadaten.de/msekg/1746357325844230	https://nfdi.fiz-karlsruhe.de/ontology/NFDI_0000102	Publisher 230	WrittenName 546	PublisherRole 230
https://purls.helmholtz-metadaten.de/msekg/1746357325844231	https://nfdi.fiz-karlsruhe.de/ontology/NFDI_0000102	Publisher 231	WrittenName 547	PublisherRole 231
https://purls.helmholtz-metadaten.de/msekg/1746357325844232	https://nfdi.fiz-karlsruhe.de/ontology/NFDI_0000102	Publisher 232	WrittenName 548	PublisherRole 232
https://purls.helmholtz-metadaten.de/msekg/1746357325844233	https://nfdi.fiz-karlsruhe.de/ontology/NFDI_0000102	Publisher 233	WrittenName 549	PublisherRole 233
https://purls.helmholtz-metadaten.de/msekg/1746357325844234	https://nfdi.fiz-karlsruhe.de/ontology/NFDI_0000102	Publisher 234	WrittenName 550	PublisherRole 234
https://purls.helmholtz-metadaten.de/msekg/1746357325844235	https://nfdi.fiz-karlsruhe.de/ontology/NFDI_0000102	Publisher 235	WrittenName 551	PublisherRole 235
https://purls.helmholtz-metadaten.de/msekg/1746357325844236	https://nfdi.fiz-karlsruhe.de/ontology/NFDI_0000102	Publisher 236	WrittenName 552	PublisherRole 236
https://purls.helmholtz-metadaten.de/msekg/17463804524161	https://nfdi.fiz-karlsruhe.de/ontology/NFDI_0000102	TACoSpokesperson 1		TACoSpokespersonRole 1
https://purls.helmholtz-metadaten.de/msekg/17463804524162	https://nfdi.fiz-karlsruhe.de/ontology/NFDI_0000102	TACoSpokesperson 2		TACoSpokespersonRole 2
https://purls.helmholtz-metadaten.de/msekg/17463804524163	https://nfdi.fiz-karlsruhe.de/ontology/NFDI_0000102	TACoSpokesperson 3		TACoSpokespersonRole 3
https://purls.helmholtz-metadaten.de/msekg/17463804524164	https://nfdi.fiz-karlsruhe.de/ontology/NFDI_0000102	TACoSpokesperson 4		TACoSpokespersonRole 4
https://purls.helmholtz-metadaten.de/msekg/17463804524165	https://nfdi.fiz-karlsruhe.de/ontology/NFDI_0000102	TACoSpokesperson 5		TACoSpokespersonRole 5
https://purls.helmholtz-metadaten.de/msekg/17458299010501	http://purls.helmholtz-metadaten.de/mwo/MWO_0001022			Service Process Role 1
https://purls.helmholtz-metadaten.de/msekg/17467237328611	https://nfdi.fiz-karlsruhe.de/ontology/NFDI_0000102	IUCAgent 1		IUCRole 1
https://purls.helmholtz-metadaten.de/msekg/17467237328612	https://nfdi.fiz-karlsruhe.de/ontology/NFDI_0000102	IUCAgent 2		IUCRole 2
https://purls.helmholtz-metadaten.de/msekg/17467237328613	https://nfdi.fiz-karlsruhe.de/ontology/NFDI_0000102	IUCAgent 3		IUCRole 3
https://purls.helmholtz-metadaten.de/msekg/17467237328614	https://nfdi.fiz-karlsruhe.de/ontology/NFDI_0000102	IUCAgent 4		IUCRole 4
https://purls.helmholtz-metadaten.de/msekg/17467237328615	https://nfdi.fiz-karlsruhe.de/ontology/NFDI_0000102	IUCAgent 5		IUCRole 5
https://purls.helmholtz-metadaten.de/msekg/17467237328616	https://nfdi.fiz-karlsruhe.de/ontology/NFDI_0000102	IUCAgent 6		IUCRole 6
https://purls.helmholtz-metadaten.de/msekg/17467237328617	https://nfdi.fiz-karlsruhe.de/ontology/NFDI_0000102	IUCAgent 7		IUCRole 7
https://purls.helmholtz-metadaten.de/msekg/17467237328618	https://nfdi.fiz-karlsruhe.de/ontology/NFDI_0000102	IUCAgent 8		IUCRole 8
https://purls.helmholtz-metadaten.de/msekg/17467237328619	https://nfdi.fiz-karlsruhe.de/ontology/NFDI_0000102	IUCAgent 9		IUCRole 9
https://purls.helmholtz-metadaten.de/msekg/174672373286110	https://nfdi.fiz-karlsruhe.de/ontology/NFDI_0000102	IUCAgent 10		IUCRole 10
https://purls.helmholtz-metadaten.de/msekg/174672373286111	https://nfdi.fiz-karlsruhe.de/ontology/NFDI_0000102	IUCAgent 11		IUCRole 11
https://purls.helmholtz-metadaten.de/msekg/174672373286112	https://nfdi.fiz-karlsruhe.de/ontology/NFDI_0000102	IUCAgent 12		IUCRole 12
https://purls.helmholtz-metadaten.de/msekg/174672373286113	https://nfdi.fiz-karlsruhe.de/ontology/NFDI_0000102	IUCAgent 13		IUCRole 13
https://purls.helmholtz-metadaten.de/msekg/174672373286114	https://nfdi.fiz-karlsruhe.de/ontology/NFDI_0000102	IUCAgent 14		IUCRole 14
https://purls.helmholtz-metadaten.de/msekg/174672373286115	https://nfdi.fiz-karlsruhe.de/ontology/NFDI_0000102	IUCAgent 15		IUCRole 15
https://purls.helmholtz-metadaten.de/msekg/174672373286116	https://nfdi.fiz-karlsruhe.de/ontology/NFDI_0000102	IUCAgent 16		IUCRole 16
https://purls.helmholtz-metadaten.de/msekg/174672373286117	https://nfdi.fiz-karlsruhe.de/ontology/NFDI_0000102	IUCAgent 17		IUCRole 17
https://purls.helmholtz-metadaten.de/msekg/17467240250821	https://nfdi.fiz-karlsruhe.de/ontology/NFDI_0000102	Service Process Agent 1		Service Process Role 1
https://purls.helmholtz-metadaten.de/msekg/17467240250822	https://nfdi.fiz-karlsruhe.de/ontology/NFDI_0000102	InstrumentServiceProductAgent 1		InstrumentServiceProductRole 1
https://purls.helmholtz-metadaten.de/msekg/17467240250823	https://nfdi.fiz-karlsruhe.de/ontology/NFDI_0000102	InstrumentServiceProductAgent 2		InstrumentServiceProductRole 2
https://purls.helmholtz-metadaten.de/msekg/17467240250824	https://nfdi.fiz-karlsruhe.de/ontology/NFDI_0000102	InstrumentServiceProductAgent 3		InstrumentServiceProductRole 3
https://purls.helmholtz-metadaten.de/msekg/17467240250825	https://nfdi.fiz-karlsruhe.de/ontology/NFDI_0000102	InstrumentServiceProductAgent 4		InstrumentServiceProductRole 4
https://purls.helmholtz-metadaten.de/msekg/17467240250826	https://nfdi.fiz-karlsruhe.de/ontology/NFDI_0000102	InstrumentServiceProductAgent 5		InstrumentServiceProductRole 5
https://purls.helmholtz-metadaten.de/msekg/17467240250827	https://nfdi.fiz-karlsruhe.de/ontology/NFDI_0000102	InstrumentServiceProductAgent 6		InstrumentServiceProductRole 6
https://purls.helmholtz-metadaten.de/msekg/17467240250828	https://nfdi.fiz-karlsruhe.de/ontology/NFDI_0000102	InstrumentServiceProductAgent 7		InstrumentServiceProductRole 7
https://purls.helmholtz-metadaten.de/msekg/17467240250829	https://nfdi.fiz-karlsruhe.de/ontology/NFDI_0000102	InstrumentServiceProductAgent 8		InstrumentServiceProductRole 8
https://purls.helmholtz-metadaten.de/msekg/174672402508210	https://nfdi.fiz-karlsruhe.de/ontology/NFDI_0000102	InstrumentServiceProviderAgent 1		InstrumentServiceProviderRole 1
https://purls.helmholtz-metadaten.de/msekg/174672402508211	https://nfdi.fiz-karlsruhe.de/ontology/NFDI_0000102	InstrumentServiceProviderAgent 2		InstrumentServiceProviderRole 2
https://purls.helmholtz-metadaten.de/msekg/174672402508212	https://nfdi.fiz-karlsruhe.de/ontology/NFDI_0000102	InstrumentServiceProviderAgent 3		InstrumentServiceProviderRole 3
https://purls.helmholtz-metadaten.de/msekg/174672402508213	https://nfdi.fiz-karlsruhe.de/ontology/NFDI_0000102	InstrumentServiceProviderAgent 4		InstrumentServiceProviderRole 4
https://purls.helmholtz-metadaten.de/msekg/17467240250831	https://nfdi.fiz-karlsruhe.de/ontology/NFDI_0000102	InstrumentServiceProviderAgent 5		InstrumentServiceProviderRole 5
https://purls.helmholtz-metadaten.de/msekg/17467240250832	https://nfdi.fiz-karlsruhe.de/ontology/NFDI_0000102	InstrumentServiceProviderAgent 6		InstrumentServiceProviderRole 6
https://purls.helmholtz-metadaten.de/msekg/17467240250833	https://nfdi.fiz-karlsruhe.de/ontology/NFDI_0000102	InstrumentServiceProviderAgent 7		InstrumentServiceProviderRole 7
https://purls.helmholtz-metadaten.de/msekg/17467240250834	https://nfdi.fiz-karlsruhe.de/ontology/NFDI_0000102	InstrumentServiceProviderAgent 8		InstrumentServiceProviderRole 8